侵胶铺 厘家疙,角矫埃 牢备泅炔,厘家 去棱档 瘤钎,角矫埃 牢备 瘤钎 弥家蔼,角矫埃 牢备 瘤钎 弥措蔼,惑林 牢备 厚啦,厚惑林 牢备 厚啦,角矫埃 牢备 单捞磐 诀单捞飘 矫埃
规硅开 冈磊榜格,,距埃 赫忽,1000,1500,12.6,87.4,2024-11-13 10:55
规硅开 冈磊榜格,,距埃 赫忽,1500,2000,12.4,87.6,2024-11-13 11:00
规硅开 冈磊榜格,,焊烹,1000,1500,13.0,87.0,2024-11-13 11:10
规硅开 冈磊榜格,,焊烹,1000,1500,13.7,86.3,2024-11-13 11:20
规硅开 冈磊榜格,,距埃 赫忽,1000,1500,11.9,88.1,2024-11-13 11:30
规硅开 冈磊榜格,,距埃 赫忽,1500,2000,9.5,90.5,2024-11-13 11:40
规硅开 冈磊榜格,,距埃 赫忽,1500,2000,8.9,91.1,2024-11-13 11:50
规硅开 冈磊榜格,,距埃 赫忽,1500,2000,8.0,92.0,2024-11-13 12:00
规硅开 冈磊榜格,,距埃 赫忽,1500,2000,8.5,91.5,2024-11-13 12:10
规硅开 冈磊榜格,,距埃 赫忽,1500,2000,8.3,91.7,2024-11-13 12:25
规硅开 冈磊榜格,,距埃 赫忽,2000,2500,8.3,91.7,2024-11-13 12:35
规硅开 冈磊榜格,,距埃 赫忽,2000,2500,8.5,91.5,2024-11-13 12:45
规硅开 冈磊榜格,,距埃 赫忽,2000,2500,9.3,90.7,2024-11-13 12:55
规硅开 冈磊榜格,,距埃 赫忽,1500,2000,12.0,88.0,2024-11-13 13:05
规硅开 冈磊榜格,,距埃 赫忽,1500,2000,12.4,87.6,2024-11-13 13:15
规硅开 冈磊榜格,,距埃 赫忽,1500,2000,13.0,87.0,2024-11-13 13:25
规硅开 冈磊榜格,,距埃 赫忽,1500,2000,12.3,87.7,2024-11-13 13:35
规硅开 冈磊榜格,,距埃 赫忽,1500,2000,11.3,88.7,2024-11-13 13:45
规硅开 冈磊榜格,,距埃 赫忽,1500,2000,11.7,88.3,2024-11-13 13:55
规硅开 冈磊榜格,,距埃 赫忽,1500,2000,10.5,89.5,2024-11-13 17:50
规硅开 冈磊榜格,,距埃 赫忽,1500,2000,9.2,90.8,2024-11-13 18:00
规硅开 冈磊榜格,,距埃 赫忽,1500,2000,4.8,95.2,2024-11-13 18:10
规硅开 冈磊榜格,,距埃 赫忽,1500,2000,5.4,94.6,2024-11-13 18:20
规硅开 冈磊榜格,,距埃 赫忽,1500,2000,5.1,94.9,2024-11-13 18:30
规硅开 冈磊榜格,,咯蜡,1000,1500,6.0,94.0,2024-11-13 18:40
规硅开 冈磊榜格,,咯蜡,1000,1500,6.1,93.9,2024-11-13 18:50
规硅开 冈磊榜格,,咯蜡,1000,1500,6.4,93.6,2024-11-13 19:00
规硅开 冈磊榜格,,咯蜡,1000,1500,8.7,91.3,2024-11-13 19:35
规硅开 冈磊榜格,,咯蜡,1000,1500,9.2,90.8,2024-11-13 19:40
规硅开 冈磊榜格,,咯蜡,1000,1500,10.6,89.4,2024-11-13 19:45
规硅开 冈磊榜格,,咯蜡,1000,1500,9.7,90.3,2024-11-13 19:50
规硅开 冈磊榜格,,咯蜡,1000,1500,9.7,90.3,2024-11-13 19:50
规硅开 冈磊榜格,,咯蜡,1000,1500,9.7,90.3,2024-11-13 19:50
规硅开 冈磊榜格,,咯蜡,1000,1500,10.6,89.4,2024-11-13 19:55
规硅开 冈磊榜格,,咯蜡,1000,1500,10.6,89.4,2024-11-13 19:55
规硅开 冈磊榜格,,咯蜡,1000,1500,10.6,89.4,2024-11-13 19:55
规硅开 冈磊榜格,,咯蜡,1000,1500,9.8,90.2,2024-11-13 20:05
规硅开 冈磊榜格,,咯蜡,900,1000,10.8,89.2,2024-11-13 20:15
规硅开 冈磊榜格,,咯蜡,900,1000,10.9,89.1,2024-11-13 20:25
规硅开 冈磊榜格,,咯蜡,900,1000,12.9,87.1,2024-11-13 20:35
规硅开 冈磊榜格,,咯蜡,900,1000,12.6,87.4,2024-11-13 20:45
规硅开 冈磊榜格,,咯蜡,800,900,13.3,86.7,2024-11-13 20:55
规硅开 冈磊榜格,,咯蜡,900,1000,12.4,87.6,2024-11-13 21:10
规硅开 冈磊榜格,,咯蜡,800,900,15.3,84.7,2024-11-13 21:20
规硅开 冈磊榜格,,咯蜡,800,900,15.1,84.9,2024-11-13 21:30
规硅开 冈磊榜格,,咯蜡,700,800,16.6,83.4,2024-11-13 21:40
规硅开 冈磊榜格,,咯蜡,700,800,15.4,84.6,2024-11-13 21:50
规硅开 冈磊榜格,,咯蜡,700,800,16.7,83.3,2024-11-13 22:00
规硅开 冈磊榜格,,咯蜡,700,800,17.0,83.0,2024-11-13 22:10
规硅开 冈磊榜格,,咯蜡,600,700,18.5,81.5,2024-11-13 22:20
规硅开 冈磊榜格,,咯蜡,500,600,22.6,77.4,2024-11-13 22:30
规硅开 冈磊榜格,,咯蜡,500,600,23.1,76.9,2024-11-13 22:40
规硅开 冈磊榜格,,咯蜡,500,600,23.8,76.2,2024-11-13 22:50
规硅开 冈磊榜格,,咯蜡,500,600,24.5,75.5,2024-11-13 23:00
规硅开 冈磊榜格,,咯蜡,400,500,26.1,73.9,2024-11-13 23:10
规硅开 冈磊榜格,,咯蜡,400,500,31.6,68.4,2024-11-13 23:20
规硅开 冈磊榜格,,咯蜡,300,400,35.4,64.6,2024-11-13 23:30
规硅开 冈磊榜格,,咯蜡,300,400,39.7,60.3,2024-11-13 23:40
规硅开 冈磊榜格,,咯蜡,300,400,38.5,61.5,2024-11-13 23:50
规硅开 冈磊榜格,,咯蜡,300,400,40.8,59.2,2024-11-14 00:00
规硅开 冈磊榜格,,咯蜡,300,400,43.0,57.0,2024-11-14 00:10
规硅开 冈磊榜格,,咯蜡,200,300,47.7,52.3,2024-11-14 00:20
规硅开 冈磊榜格,,咯蜡,200,300,49.9,50.1,2024-11-14 00:30
规硅开 冈磊榜格,,咯蜡,200,300,48.1,51.9,2024-11-14 00:40
规硅开 冈磊榜格,,咯蜡,200,300,50.5,49.5,2024-11-14 00:50
规硅开 冈磊榜格,,咯蜡,1000,1500,15.3,84.7,2024-11-14 10:40
规硅开 冈磊榜格,,咯蜡,1000,1500,14.1,85.9,2024-11-14 10:50
规硅开 冈磊榜格,,咯蜡,1000,1500,15.4,84.6,2024-11-14 11:00
规硅开 冈磊榜格,,咯蜡,1000,1500,16.0,84.0,2024-11-14 11:10
规硅开 冈磊榜格,,咯蜡,1000,1500,15.6,84.4,2024-11-14 11:20
规硅开 冈磊榜格,,咯蜡,1000,1500,14.9,85.1,2024-11-14 11:30
规硅开 冈磊榜格,,咯蜡,1000,1500,13.3,86.7,2024-11-14 11:40
规硅开 冈磊榜格,,距埃 赫忽,1500,2000,10.8,89.2,2024-11-14 11:50
规硅开 冈磊榜格,,距埃 赫忽,1500,2000,10.9,89.1,2024-11-14 12:00
规硅开 冈磊榜格,,距埃 赫忽,1500,2000,10.9,89.1,2024-11-14 12:10
规硅开 冈磊榜格,,距埃 赫忽,1500,2000,10.3,89.7,2024-11-14 12:20
规硅开 冈磊榜格,,距埃 赫忽,1500,2000,10.4,89.6,2024-11-14 12:30
规硅开 冈磊榜格,,距埃 赫忽,1500,2000,10.1,89.9,2024-11-14 12:40
规硅开 冈磊榜格,,距埃 赫忽,1500,2000,10.5,89.5,2024-11-14 12:50
规硅开 冈磊榜格,,咯蜡,1000,1500,12.2,87.8,2024-11-14 13:15
规硅开 冈磊榜格,,焊烹,1000,1500,12.9,87.1,2024-11-14 13:25
规硅开 冈磊榜格,,咯蜡,1000,1500,12.7,87.3,2024-11-14 13:35
规硅开 冈磊榜格,,焊烹,1000,1500,13.7,86.3,2024-11-14 13:45
规硅开 冈磊榜格,,咯蜡,1000,1500,14.5,85.5,2024-11-14 13:55
规硅开 冈磊榜格,,焊烹,1000,1500,15.1,84.9,2024-11-14 14:05
规硅开 冈磊榜格,,咯蜡,1000,1500,15.2,84.8,2024-11-14 14:15
规硅开 冈磊榜格,,距埃 赫忽,1000,1500,13.8,86.2,2024-11-14 14:25
规硅开 冈磊榜格,,咯蜡,1000,1500,15.0,85.0,2024-11-14 14:35
规硅开 冈磊榜格,,距埃 赫忽,1500,2000,14.0,86.0,2024-11-14 14:45
规硅开 冈磊榜格,,距埃 赫忽,1500,2000,12.3,87.7,2024-11-14 14:55
规硅开 冈磊榜格,,焊烹,1000,1500,13.0,87.0,2024-11-14 15:10
规硅开 冈磊榜格,,焊烹,1000,1500,13.6,86.4,2024-11-14 15:20
规硅开 冈磊榜格,,距埃 赫忽,1500,2000,12.4,87.6,2024-11-14 15:30
规硅开 冈磊榜格,,焊烹,1000,1500,13.1,86.9,2024-11-14 15:40
规硅开 冈磊榜格,,距埃 赫忽,1000,1500,14.2,85.8,2024-11-14 15:50
规硅开 冈磊榜格,,距埃 赫忽,1000,1500,12.3,87.7,2024-11-14 16:00
规硅开 冈磊榜格,,咯蜡,1000,1500,13.2,86.8,2024-11-14 16:10
规硅开 冈磊榜格,,咯蜡,1000,1500,13.9,86.1,2024-11-14 16:20
规硅开 冈磊榜格,,咯蜡,1000,1500,14.0,86.0,2024-11-14 16:40
规硅开 冈磊榜格,,焊烹,1000,1500,14.4,85.6,2024-11-14 17:00
规硅开 冈磊榜格,,焊烹,1000,1500,13.1,86.9,2024-11-14 17:10
规硅开 冈磊榜格,,咯蜡,1000,1500,12.5,87.5,2024-11-14 17:25
规硅开 冈磊榜格,,距埃 赫忽,1500,2000,11.2,88.8,2024-11-14 17:45
规硅开 冈磊榜格,,距埃 赫忽,1500,2000,13.1,86.9,2024-11-14 17:55
规硅开 冈磊榜格,,距埃 赫忽,1500,2000,8.9,91.1,2024-11-14 18:05
规硅开 冈磊榜格,,距埃 赫忽,1500,2000,6.3,93.7,2024-11-14 18:15
规硅开 冈磊榜格,,咯蜡,1000,1500,5.8,94.2,2024-11-14 18:25
规硅开 冈磊榜格,,焊烹,1500,2000,6.5,93.5,2024-11-14 18:35
规硅开 冈磊榜格,,咯蜡,1000,1500,6.3,93.7,2024-11-14 18:45
规硅开 冈磊榜格,,咯蜡,1000,1500,6.3,93.7,2024-11-14 18:55
规硅开 冈磊榜格,,咯蜡,1000,1500,6.8,93.2,2024-11-14 19:05
规硅开 冈磊榜格,,咯蜡,1000,1500,8.3,91.7,2024-11-14 19:15
规硅开 冈磊榜格,,咯蜡,1000,1500,8.9,91.1,2024-11-14 19:25
规硅开 冈磊榜格,,咯蜡,1000,1500,9.6,90.4,2024-11-14 19:35
规硅开 冈磊榜格,,咯蜡,1000,1500,10.1,89.9,2024-11-14 19:45
规硅开 冈磊榜格,,咯蜡,1000,1500,9.5,90.5,2024-11-14 19:55
规硅开 冈磊榜格,,咯蜡,1000,1500,10.3,89.7,2024-11-14 20:05
规硅开 冈磊榜格,,咯蜡,1000,1500,11.3,88.7,2024-11-14 20:15
规硅开 冈磊榜格,,咯蜡,900,1000,11.0,89.0,2024-11-14 20:30
规硅开 冈磊榜格,,咯蜡,900,1000,10.5,89.5,2024-11-14 20:40
规硅开 冈磊榜格,,咯蜡,900,1000,13.4,86.6,2024-11-14 20:50
规硅开 冈磊榜格,,咯蜡,900,1000,13.5,86.5,2024-11-14 21:00
规硅开 冈磊榜格,,咯蜡,800,900,14.3,85.7,2024-11-14 21:10
规硅开 冈磊榜格,,咯蜡,900,1000,13.8,86.2,2024-11-14 21:20
规硅开 冈磊榜格,,咯蜡,800,900,14.8,85.2,2024-11-14 21:30
规硅开 冈磊榜格,,咯蜡,700,800,14.9,85.1,2024-11-14 21:40
规硅开 冈磊榜格,,咯蜡,700,800,17.5,82.5,2024-11-14 21:50
规硅开 冈磊榜格,,咯蜡,700,800,17.0,83.0,2024-11-14 22:00
规硅开 冈磊榜格,,咯蜡,800,900,16.1,83.9,2024-11-14 22:10
规硅开 冈磊榜格,,咯蜡,700,800,17.7,82.3,2024-11-14 22:20
规硅开 冈磊榜格,,咯蜡,600,700,21.3,78.7,2024-11-14 22:30
规硅开 冈磊榜格,,咯蜡,500,600,24.2,75.8,2024-11-14 22:40
规硅开 冈磊榜格,,咯蜡,500,600,23.6,76.4,2024-11-14 22:50
规硅开 冈磊榜格,,咯蜡,400,500,28.1,71.9,2024-11-14 23:00
规硅开 冈磊榜格,,咯蜡,400,500,30.0,70.0,2024-11-14 23:10
规硅开 冈磊榜格,,咯蜡,300,400,33.2,66.8,2024-11-14 23:20
规硅开 冈磊榜格,,咯蜡,300,400,35.8,64.2,2024-11-14 23:30
规硅开 冈磊榜格,,咯蜡,300,400,35.7,64.3,2024-11-14 23:40
规硅开 冈磊榜格,,咯蜡,300,400,35.2,64.8,2024-11-14 23:50
规硅开 冈磊榜格,,咯蜡,300,400,43.0,57.0,2024-11-15 00:00
规硅开 冈磊榜格,,咯蜡,200,300,46.0,54.0,2024-11-15 00:25
规硅开 冈磊榜格,,咯蜡,200,300,51.5,48.5,2024-11-15 00:35
规硅开 冈磊榜格,,咯蜡,200,300,50.6,49.4,2024-11-15 00:45
规硅开 冈磊榜格,,咯蜡,200,300,51.2,48.8,2024-11-15 00:55
规硅开 冈磊榜格,,咯蜡,200,300,58.5,41.5,2024-11-15 01:05
规硅开 冈磊榜格,,咯蜡,200,300,55.8,44.2,2024-11-15 01:15
规硅开 冈磊榜格,,咯蜡,200,300,52.8,47.2,2024-11-15 01:25
规硅开 冈磊榜格,,咯蜡,200,300,51.3,48.7,2024-11-15 01:35
规硅开 冈磊榜格,,咯蜡,200,300,57.2,42.8,2024-11-15 01:45
规硅开 冈磊榜格,,咯蜡,200,300,60.0,40.0,2024-11-15 01:55
规硅开 冈磊榜格,,咯蜡,200,300,54.3,45.7,2024-11-15 02:05
规硅开 冈磊榜格,,咯蜡,200,300,58.9,41.1,2024-11-15 02:15
规硅开 冈磊榜格,,咯蜡,200,300,60.2,39.8,2024-11-15 02:25
规硅开 冈磊榜格,,咯蜡,200,300,58.6,41.4,2024-11-15 02:35
规硅开 冈磊榜格,,咯蜡,200,300,60.7,39.3,2024-11-15 02:55
规硅开 冈磊榜格,,咯蜡,200,300,64.9,35.1,2024-11-15 03:05
规硅开 冈磊榜格,,咯蜡,200,300,67.0,33.0,2024-11-15 03:15
规硅开 冈磊榜格,,咯蜡,200,300,62.9,37.1,2024-11-15 03:40
规硅开 冈磊榜格,,咯蜡,200,300,65.6,34.4,2024-11-15 03:50
规硅开 冈磊榜格,,咯蜡,200,300,64.7,35.3,2024-11-15 04:00
规硅开 冈磊榜格,,咯蜡,200,300,64.2,35.8,2024-11-15 04:10
规硅开 冈磊榜格,,咯蜡,200,300,64.0,36.0,2024-11-15 04:20
规硅开 冈磊榜格,,咯蜡,200,300,66.2,33.8,2024-11-15 04:30
规硅开 冈磊榜格,,咯蜡,200,300,65.3,34.7,2024-11-15 04:40
规硅开 冈磊榜格,,咯蜡,200,300,63.3,36.7,2024-11-15 04:50
规硅开 冈磊榜格,,咯蜡,200,300,66.7,33.3,2024-11-15 05:00
规硅开 冈磊榜格,,咯蜡,200,300,60.3,39.7,2024-11-15 05:20
规硅开 冈磊榜格,,咯蜡,200,300,59.1,40.9,2024-11-15 05:30
规硅开 冈磊榜格,,咯蜡,200,300,55.4,44.6,2024-11-15 05:40
规硅开 冈磊榜格,,咯蜡,200,300,58.2,41.8,2024-11-15 05:50
规硅开 冈磊榜格,,咯蜡,200,300,49.5,50.5,2024-11-15 06:00
规硅开 冈磊榜格,,咯蜡,300,400,42.6,57.4,2024-11-15 06:10
规硅开 冈磊榜格,,咯蜡,300,400,41.7,58.3,2024-11-15 06:20
规硅开 冈磊榜格,,咯蜡,300,400,41.7,58.3,2024-11-15 06:30
规硅开 冈磊榜格,,咯蜡,300,400,39.8,60.2,2024-11-15 06:45
规硅开 冈磊榜格,,咯蜡,300,400,34.9,65.1,2024-11-15 06:55
规硅开 冈磊榜格,,咯蜡,300,400,27.0,73.0,2024-11-15 07:05
规硅开 冈磊榜格,,咯蜡,400,500,14.0,86.0,2024-11-15 07:15
规硅开 冈磊榜格,,咯蜡,300,400,14.9,85.1,2024-11-15 07:25
规硅开 冈磊榜格,,咯蜡,500,600,12.1,87.9,2024-11-15 07:35
规硅开 冈磊榜格,,咯蜡,600,700,10.3,89.7,2024-11-15 07:45
规硅开 冈磊榜格,,咯蜡,700,800,10.3,89.7,2024-11-15 07:55
规硅开 冈磊榜格,,咯蜡,700,800,11.2,88.8,2024-11-15 08:05
规硅开 冈磊榜格,,咯蜡,800,900,10.7,89.3,2024-11-15 08:25
规硅开 冈磊榜格,,咯蜡,700,800,11.6,88.4,2024-11-15 08:35
规硅开 冈磊榜格,,咯蜡,800,900,9.7,90.3,2024-11-15 08:45
规硅开 冈磊榜格,,咯蜡,1000,1500,11.7,88.3,2024-11-15 08:55
规硅开 冈磊榜格,,咯蜡,1000,1500,16.1,83.9,2024-11-15 09:05
规硅开 冈磊榜格,,咯蜡,1000,1500,15.4,84.6,2024-11-15 09:25
规硅开 冈磊榜格,,咯蜡,900,1000,17.8,82.2,2024-11-15 09:40
规硅开 冈磊榜格,,咯蜡,1000,1500,14.9,85.1,2024-11-15 09:50
规硅开 冈磊榜格,,咯蜡,1000,1500,17.0,83.0,2024-11-15 10:00
规硅开 冈磊榜格,,咯蜡,1000,1500,16.6,83.4,2024-11-15 10:10
规硅开 冈磊榜格,,咯蜡,900,1000,19.0,81.0,2024-11-15 10:20
规硅开 冈磊榜格,,咯蜡,900,1000,17.1,82.9,2024-11-15 10:30
规硅开 冈磊榜格,,咯蜡,1000,1500,16.0,84.0,2024-11-15 10:40
规硅开 冈磊榜格,,咯蜡,1000,1500,14.2,85.8,2024-11-15 10:50
规硅开 冈磊榜格,,咯蜡,1000,1500,14.6,85.4,2024-11-15 11:00
规硅开 冈磊榜格,,咯蜡,1000,1500,14.9,85.1,2024-11-15 11:10
规硅开 冈磊榜格,,咯蜡,1000,1500,15.8,84.2,2024-11-15 11:20
规硅开 冈磊榜格,,咯蜡,1000,1500,15.7,84.3,2024-11-15 11:30
规硅开 冈磊榜格,,咯蜡,1000,1500,13.4,86.6,2024-11-15 11:40
规硅开 冈磊榜格,,咯蜡,1000,1500,11.2,88.8,2024-11-15 11:50
规硅开 冈磊榜格,,焊烹,1000,1500,11.6,88.4,2024-11-15 12:00
规硅开 冈磊榜格,,焊烹,1000,1500,11.4,88.6,2024-11-15 12:10
规硅开 冈磊榜格,,距埃 赫忽,1500,2000,10.6,89.4,2024-11-15 12:20
规硅开 冈磊榜格,,距埃 赫忽,1500,2000,10.9,89.1,2024-11-15 12:30
规硅开 冈磊榜格,,距埃 赫忽,1500,2000,11.1,88.9,2024-11-15 12:40
规硅开 冈磊榜格,,焊烹,1000,1500,12.4,87.6,2024-11-15 12:50
规硅开 冈磊榜格,,距埃 赫忽,1000,1500,13.2,86.8,2024-11-15 13:00
规硅开 冈磊榜格,,咯蜡,1000,1500,13.4,86.6,2024-11-15 13:15
规硅开 冈磊榜格,,咯蜡,1000,1500,14.7,85.3,2024-11-15 13:25
规硅开 冈磊榜格,,咯蜡,1000,1500,14.4,85.6,2024-11-15 13:35
规硅开 冈磊榜格,,咯蜡,1000,1500,14.7,85.3,2024-11-15 13:45
规硅开 冈磊榜格,,咯蜡,1000,1500,14.3,85.7,2024-11-15 13:55
规硅开 冈磊榜格,,咯蜡,1000,1500,15.0,85.0,2024-11-15 14:05
规硅开 冈磊榜格,,咯蜡,1000,1500,15.9,84.1,2024-11-15 14:15
规硅开 冈磊榜格,,咯蜡,1000,1500,16.2,83.8,2024-11-15 14:25
规硅开 冈磊榜格,,咯蜡,1000,1500,15.3,84.7,2024-11-15 14:35
规硅开 冈磊榜格,,咯蜡,1000,1500,14.7,85.3,2024-11-15 14:45
规硅开 冈磊榜格,,咯蜡,1000,1500,14.2,85.8,2024-11-15 14:55
规硅开 冈磊榜格,,咯蜡,1000,1500,16.1,83.9,2024-11-15 15:05
规硅开 冈磊榜格,,咯蜡,1000,1500,15.7,84.3,2024-11-15 15:15
规硅开 冈磊榜格,,咯蜡,1000,1500,15.1,84.9,2024-11-15 15:25
规硅开 冈磊榜格,,咯蜡,1000,1500,13.1,86.9,2024-11-15 15:35
规硅开 冈磊榜格,,咯蜡,1000,1500,14.7,85.3,2024-11-15 15:45
规硅开 冈磊榜格,,咯蜡,1000,1500,13.6,86.4,2024-11-15 15:55
规硅开 冈磊榜格,,咯蜡,1000,1500,14.8,85.2,2024-11-15 16:15
规硅开 冈磊榜格,,咯蜡,1000,1500,14.3,85.7,2024-11-15 16:25
规硅开 冈磊榜格,,咯蜡,1000,1500,14.7,85.3,2024-11-15 17:00
规硅开 冈磊榜格,,咯蜡,1000,1500,14.4,85.6,2024-11-15 17:10
规硅开 冈磊榜格,,咯蜡,1000,1500,14.2,85.8,2024-11-15 17:20
规硅开 冈磊榜格,,焊烹,1000,1500,12.8,87.2,2024-11-15 17:30
规硅开 冈磊榜格,,咯蜡,1000,1500,13.6,86.4,2024-11-15 17:40
规硅开 冈磊榜格,,咯蜡,1000,1500,13.2,86.8,2024-11-15 17:50
规硅开 冈磊榜格,,咯蜡,1000,1500,13.8,86.2,2024-11-15 18:00
规硅开 冈磊榜格,,咯蜡,1000,1500,7.2,92.8,2024-11-15 18:10
规硅开 冈磊榜格,,焊烹,1000,1500,6.5,93.5,2024-11-15 18:20
规硅开 冈磊榜格,,咯蜡,1000,1500,7.6,92.4,2024-11-15 18:30
规硅开 冈磊榜格,,咯蜡,1000,1500,6.6,93.4,2024-11-15 18:40
规硅开 冈磊榜格,,距埃 赫忽,1500,2000,6.1,93.9,2024-11-15 18:50
规硅开 冈磊榜格,,咯蜡,1000,1500,6.7,93.3,2024-11-15 19:00
规硅开 冈磊榜格,,咯蜡,1000,1500,7.9,92.1,2024-11-15 19:10
规硅开 冈磊榜格,,咯蜡,1000,1500,8.9,91.1,2024-11-15 19:20
规硅开 冈磊榜格,,咯蜡,1000,1500,9.3,90.7,2024-11-15 19:30
规硅开 冈磊榜格,,咯蜡,1000,1500,8.5,91.5,2024-11-15 19:40
规硅开 冈磊榜格,,咯蜡,1000,1500,9.2,90.8,2024-11-15 19:50
规硅开 冈磊榜格,,咯蜡,900,1000,10.4,89.6,2024-11-15 20:05
规硅开 冈磊榜格,,咯蜡,1000,1500,10.3,89.7,2024-11-15 20:15
规硅开 冈磊榜格,,咯蜡,900,1000,10.4,89.6,2024-11-15 20:25
规硅开 冈磊榜格,,咯蜡,900,1000,11.4,88.6,2024-11-15 20:35
规硅开 冈磊榜格,,咯蜡,900,1000,11.6,88.4,2024-11-15 20:45
规硅开 冈磊榜格,,咯蜡,900,1000,11.2,88.8,2024-11-15 20:55
规硅开 冈磊榜格,,咯蜡,900,1000,11.6,88.4,2024-11-15 21:05
规硅开 冈磊榜格,,咯蜡,900,1000,12.6,87.4,2024-11-15 21:15
规硅开 冈磊榜格,,咯蜡,800,900,13.0,87.0,2024-11-15 21:25
规硅开 冈磊榜格,,咯蜡,700,800,17.0,83.0,2024-11-15 21:45
规硅开 冈磊榜格,,咯蜡,700,800,14.8,85.2,2024-11-15 21:55
规硅开 冈磊榜格,,咯蜡,900,1000,13.4,86.6,2024-11-15 22:05
规硅开 冈磊榜格,,咯蜡,800,900,15.4,84.6,2024-11-15 22:15
规硅开 冈磊榜格,,咯蜡,600,700,20.2,79.8,2024-11-15 22:25
规硅开 冈磊榜格,,咯蜡,600,700,20.4,79.6,2024-11-15 22:35
规硅开 冈磊榜格,,咯蜡,400,500,27.8,72.2,2024-11-15 23:00
规硅开 冈磊榜格,,咯蜡,400,500,26.6,73.4,2024-11-15 23:10
规硅开 冈磊榜格,,咯蜡,400,500,31.4,68.6,2024-11-15 23:20
规硅开 冈磊榜格,,咯蜡,400,500,33.3,66.7,2024-11-15 23:30
规硅开 冈磊榜格,,咯蜡,300,400,32.6,67.4,2024-11-15 23:40
规硅开 冈磊榜格,,咯蜡,300,400,36.9,63.1,2024-11-15 23:50
规硅开 冈磊榜格,,咯蜡,300,400,38.2,61.8,2024-11-16 00:00
规硅开 冈磊榜格,,咯蜡,300,400,38.3,61.7,2024-11-16 00:10
规硅开 冈磊榜格,,咯蜡,300,400,39.5,60.5,2024-11-16 00:20
规硅开 冈磊榜格,,咯蜡,300,400,43.5,56.5,2024-11-16 00:30
规硅开 冈磊榜格,,咯蜡,200,300,43.8,56.2,2024-11-16 00:40
规硅开 冈磊榜格,,咯蜡,200,300,45.5,54.5,2024-11-16 00:50
规硅开 冈磊榜格,,咯蜡,200,300,47.0,53.0,2024-11-16 01:00
规硅开 冈磊榜格,,咯蜡,200,300,53.4,46.6,2024-11-16 01:10
规硅开 冈磊榜格,,咯蜡,200,300,52.4,47.6,2024-11-16 01:20
规硅开 冈磊榜格,,咯蜡,200,300,50.6,49.4,2024-11-16 01:30
规硅开 冈磊榜格,,咯蜡,200,300,54.3,45.7,2024-11-16 01:50
规硅开 冈磊榜格,,咯蜡,200,300,52.8,47.2,2024-11-16 02:05
规硅开 冈磊榜格,,咯蜡,200,300,52.1,47.9,2024-11-16 02:15
规硅开 冈磊榜格,,咯蜡,200,300,53.9,46.1,2024-11-16 02:25
规硅开 冈磊榜格,,咯蜡,200,300,49.2,50.8,2024-11-16 02:35
规硅开 冈磊榜格,,咯蜡,200,300,58.9,41.1,2024-11-16 02:45
规硅开 冈磊榜格,,咯蜡,200,300,56.8,43.2,2024-11-16 02:55
规硅开 冈磊榜格,,咯蜡,200,300,58.8,41.2,2024-11-16 03:05
规硅开 冈磊榜格,,咯蜡,200,300,53.8,46.2,2024-11-16 03:15
规硅开 冈磊榜格,,咯蜡,200,300,62.2,37.8,2024-11-16 03:25
规硅开 冈磊榜格,,咯蜡,200,300,60.6,39.4,2024-11-16 03:35
规硅开 冈磊榜格,,咯蜡,200,300,59.0,41.0,2024-11-16 04:05
规硅开 冈磊榜格,,咯蜡,200,300,58.4,41.6,2024-11-16 04:25
规硅开 冈磊榜格,,咯蜡,100,200,62.0,38.0,2024-11-16 04:35
规硅开 冈磊榜格,,咯蜡,100,200,61.3,38.7,2024-11-16 04:45
规硅开 冈磊榜格,,咯蜡,100,200,60.6,39.4,2024-11-16 04:55
规硅开 冈磊榜格,,咯蜡,200,300,60.5,39.5,2024-11-16 05:05
规硅开 冈磊榜格,,咯蜡,200,300,53.5,46.5,2024-11-16 05:15
规硅开 冈磊榜格,,咯蜡,200,300,55.4,44.6,2024-11-16 05:25
规硅开 冈磊榜格,,咯蜡,200,300,52.0,48.0,2024-11-16 05:45
规硅开 冈磊榜格,,咯蜡,200,300,45.5,54.5,2024-11-16 06:00
规硅开 冈磊榜格,,咯蜡,200,300,43.6,56.4,2024-11-16 06:10
规硅开 冈磊榜格,,咯蜡,200,300,43.4,56.6,2024-11-16 06:20
规硅开 冈磊榜格,,咯蜡,200,300,45.7,54.3,2024-11-16 06:30
规硅开 冈磊榜格,,咯蜡,200,300,41.5,58.5,2024-11-16 06:40
规硅开 冈磊榜格,,咯蜡,200,300,42.5,57.5,2024-11-16 06:50
规硅开 冈磊榜格,,咯蜡,200,300,42.2,57.8,2024-11-16 07:00
规硅开 冈磊榜格,,咯蜡,300,400,18.4,81.6,2024-11-16 07:10
规硅开 冈磊榜格,,咯蜡,200,300,17.2,82.8,2024-11-16 07:20
规硅开 冈磊榜格,,咯蜡,200,300,16.5,83.5,2024-11-16 07:30
规硅开 冈磊榜格,,咯蜡,300,400,18.9,81.1,2024-11-16 07:40
规硅开 冈磊榜格,,咯蜡,300,400,16.5,83.5,2024-11-16 08:00
规硅开 冈磊榜格,,咯蜡,300,400,14.4,85.6,2024-11-16 08:10
规硅开 冈磊榜格,,咯蜡,300,400,14.0,86.0,2024-11-16 08:20
规硅开 冈磊榜格,,咯蜡,400,500,16.2,83.8,2024-11-16 08:30
规硅开 冈磊榜格,,咯蜡,400,500,16.1,83.9,2024-11-16 08:40
规硅开 冈磊榜格,,咯蜡,500,600,18.8,81.2,2024-11-16 08:50
规硅开 冈磊榜格,,咯蜡,600,700,14.6,85.4,2024-11-16 09:00
规硅开 冈磊榜格,,咯蜡,600,700,16.3,83.7,2024-11-16 09:25
规硅开 冈磊榜格,,咯蜡,700,800,16.0,84.0,2024-11-16 09:35
规硅开 冈磊榜格,,咯蜡,700,800,16.9,83.1,2024-11-16 09:45
规硅开 冈磊榜格,,咯蜡,800,900,13.4,86.6,2024-11-16 09:55
规硅开 冈磊榜格,,咯蜡,900,1000,14.6,85.4,2024-11-16 10:05
规硅开 冈磊榜格,,咯蜡,800,900,15.5,84.5,2024-11-16 10:15
规硅开 冈磊榜格,,咯蜡,800,900,13.8,86.2,2024-11-16 10:25
规硅开 冈磊榜格,,咯蜡,800,900,13.5,86.5,2024-11-16 10:35
规硅开 冈磊榜格,,咯蜡,800,900,12.9,87.1,2024-11-16 10:45
规硅开 冈磊榜格,,咯蜡,900,1000,14.2,85.8,2024-11-16 10:55
规硅开 冈磊榜格,,咯蜡,900,1000,14.7,85.3,2024-11-16 11:05
规硅开 冈磊榜格,,咯蜡,900,1000,13.0,87.0,2024-11-16 11:15
规硅开 冈磊榜格,,咯蜡,900,1000,13.4,86.6,2024-11-16 11:25
规硅开 冈磊榜格,,咯蜡,1000,1500,12.2,87.8,2024-11-16 11:35
规硅开 冈磊榜格,,咯蜡,1000,1500,11.6,88.4,2024-11-16 11:45
规硅开 冈磊榜格,,咯蜡,1000,1500,11.3,88.7,2024-11-16 11:55
规硅开 冈磊榜格,,咯蜡,1000,1500,12.2,87.8,2024-11-16 12:20
规硅开 冈磊榜格,,咯蜡,1000,1500,11.7,88.3,2024-11-16 12:30
规硅开 冈磊榜格,,咯蜡,1000,1500,11.5,88.5,2024-11-16 12:40
规硅开 冈磊榜格,,咯蜡,1000,1500,10.5,89.5,2024-11-16 12:50
规硅开 冈磊榜格,,咯蜡,1000,1500,10.9,89.1,2024-11-16 13:00
规硅开 冈磊榜格,,咯蜡,1000,1500,8.8,91.2,2024-11-16 13:10
规硅开 冈磊榜格,,咯蜡,1000,1500,10.4,89.6,2024-11-16 13:20
规硅开 冈磊榜格,,咯蜡,1000,1500,11.1,88.9,2024-11-16 13:30
规硅开 冈磊榜格,,咯蜡,900,1000,11.1,88.9,2024-11-16 13:40
规硅开 冈磊榜格,,咯蜡,1000,1500,9.4,90.6,2024-11-16 13:50
规硅开 冈磊榜格,,咯蜡,1000,1500,9.5,90.5,2024-11-16 14:00
规硅开 冈磊榜格,,咯蜡,1000,1500,8.0,92.0,2024-11-16 14:10
规硅开 冈磊榜格,,咯蜡,1000,1500,8.8,91.2,2024-11-16 14:20
规硅开 冈磊榜格,,咯蜡,1000,1500,7.8,92.2,2024-11-16 14:30
规硅开 冈磊榜格,,咯蜡,1000,1500,8.9,91.1,2024-11-16 14:40
规硅开 冈磊榜格,,咯蜡,1000,1500,8.8,91.2,2024-11-16 15:05
规硅开 冈磊榜格,,咯蜡,1000,1500,9.0,91.0,2024-11-16 15:15
规硅开 冈磊榜格,,咯蜡,1000,1500,7.9,92.1,2024-11-16 15:25
规硅开 冈磊榜格,,咯蜡,1000,1500,8.5,91.5,2024-11-16 15:35
规硅开 冈磊榜格,,咯蜡,1000,1500,9.0,91.0,2024-11-16 15:45
规硅开 冈磊榜格,,咯蜡,1000,1500,9.8,90.2,2024-11-16 15:55
规硅开 冈磊榜格,,咯蜡,900,1000,10.0,90.0,2024-11-16 16:05
规硅开 冈磊榜格,,咯蜡,1000,1500,9.1,90.9,2024-11-16 16:15
规硅开 冈磊榜格,,咯蜡,1000,1500,9.7,90.3,2024-11-16 16:25
规硅开 冈磊榜格,,咯蜡,1000,1500,10.0,90.0,2024-11-16 16:35
规硅开 冈磊榜格,,咯蜡,900,1000,10.9,89.1,2024-11-16 16:45
规硅开 冈磊榜格,,咯蜡,1000,1500,9.5,90.5,2024-11-16 16:55
规硅开 冈磊榜格,,咯蜡,1000,1500,9.6,90.4,2024-11-16 17:05
规硅开 冈磊榜格,,咯蜡,900,1000,10.3,89.7,2024-11-16 17:15
规硅开 冈磊榜格,,咯蜡,900,1000,9.6,90.4,2024-11-16 17:25
规硅开 冈磊榜格,,咯蜡,800,900,10.9,89.1,2024-11-16 17:40
规硅开 冈磊榜格,,咯蜡,900,1000,8.2,91.8,2024-11-16 17:50
规硅开 冈磊榜格,,咯蜡,900,1000,8.1,91.9,2024-11-16 18:10
规硅开 冈磊榜格,,咯蜡,900,1000,9.7,90.3,2024-11-16 18:20
规硅开 冈磊榜格,,咯蜡,800,900,9.5,90.5,2024-11-16 18:30
规硅开 冈磊榜格,,咯蜡,800,900,9.3,90.7,2024-11-16 18:40
规硅开 冈磊榜格,,咯蜡,800,900,11.0,89.0,2024-11-16 18:50
规硅开 冈磊榜格,,咯蜡,800,900,10.4,89.6,2024-11-16 19:00
规硅开 冈磊榜格,,咯蜡,800,900,10.8,89.2,2024-11-16 19:10
规硅开 冈磊榜格,,咯蜡,800,900,12.2,87.8,2024-11-16 19:20
规硅开 冈磊榜格,,咯蜡,600,700,14.1,85.9,2024-11-16 19:30
规硅开 冈磊榜格,,咯蜡,700,800,14.1,85.9,2024-11-16 19:40
规硅开 冈磊榜格,,咯蜡,600,700,15.6,84.4,2024-11-16 19:50
规硅开 冈磊榜格,,咯蜡,600,700,15.2,84.8,2024-11-16 20:00
规硅开 冈磊榜格,,咯蜡,600,700,16.1,83.9,2024-11-16 20:10
规硅开 冈磊榜格,,咯蜡,600,700,16.6,83.4,2024-11-16 20:20
规硅开 冈磊榜格,,咯蜡,700,800,15.4,84.6,2024-11-16 20:30
规硅开 冈磊榜格,,咯蜡,600,700,16.5,83.5,2024-11-16 20:40
规硅开 冈磊榜格,,咯蜡,500,600,17.3,82.7,2024-11-16 20:50
规硅开 冈磊榜格,,咯蜡,500,600,18.1,81.9,2024-11-16 21:00
规硅开 冈磊榜格,,咯蜡,500,600,19.3,80.7,2024-11-16 21:25
规硅开 冈磊榜格,,咯蜡,500,600,20.2,79.8,2024-11-16 21:35
规硅开 冈磊榜格,,咯蜡,500,600,20.0,80.0,2024-11-16 21:45
规硅开 冈磊榜格,,咯蜡,500,600,20.3,79.7,2024-11-16 21:55
规硅开 冈磊榜格,,咯蜡,500,600,22.9,77.1,2024-11-16 22:05
规硅开 冈磊榜格,,咯蜡,500,600,22.9,77.1,2024-11-16 22:15
规硅开 冈磊榜格,,咯蜡,500,600,23.6,76.4,2024-11-16 22:25
规硅开 冈磊榜格,,咯蜡,400,500,26.2,73.8,2024-11-16 22:35
规硅开 冈磊榜格,,咯蜡,400,500,29.0,71.0,2024-11-16 22:45
规硅开 冈磊榜格,,咯蜡,300,400,29.6,70.4,2024-11-16 22:55
规硅开 冈磊榜格,,咯蜡,300,400,31.4,68.6,2024-11-16 23:05
规硅开 冈磊榜格,,咯蜡,300,400,34.7,65.3,2024-11-16 23:25
规硅开 冈磊榜格,,咯蜡,300,400,34.5,65.5,2024-11-16 23:35
规硅开 冈磊榜格,,咯蜡,300,400,34.8,65.2,2024-11-16 23:55
规硅开 冈磊榜格,,咯蜡,200,300,43.6,56.4,2024-11-17 00:05
规硅开 冈磊榜格,,咯蜡,200,300,42.8,57.2,2024-11-17 00:15
规硅开 冈磊榜格,,咯蜡,200,300,45.9,54.1,2024-11-17 00:40
规硅开 冈磊榜格,,咯蜡,200,300,44.7,55.3,2024-11-17 00:50
规硅开 冈磊榜格,,咯蜡,200,300,46.0,54.0,2024-11-17 01:00
规硅开 冈磊榜格,,咯蜡,200,300,48.5,51.5,2024-11-17 01:10
规硅开 冈磊榜格,,咯蜡,200,300,49.1,50.9,2024-11-17 01:20
规硅开 冈磊榜格,,咯蜡,200,300,52.1,47.9,2024-11-17 01:30
规硅开 冈磊榜格,,咯蜡,200,300,50.9,49.1,2024-11-17 01:40
规硅开 冈磊榜格,,咯蜡,200,300,47.9,52.1,2024-11-17 01:50
规硅开 冈磊榜格,,咯蜡,200,300,54.8,45.2,2024-11-17 02:00
规硅开 冈磊榜格,,咯蜡,200,300,55.2,44.8,2024-11-17 02:20
规硅开 冈磊榜格,,咯蜡,200,300,53.1,46.9,2024-11-17 02:30
规硅开 冈磊榜格,,咯蜡,200,300,52.7,47.3,2024-11-17 02:40
规硅开 冈磊榜格,,咯蜡,200,300,60.0,40.0,2024-11-17 03:00
规硅开 冈磊榜格,,咯蜡,200,300,61.9,38.1,2024-11-17 03:10
规硅开 冈磊榜格,,咯蜡,100,200,58.5,41.5,2024-11-17 03:20
规硅开 冈磊榜格,,咯蜡,200,300,56.8,43.2,2024-11-17 03:30
规硅开 冈磊榜格,,咯蜡,200,300,60.8,39.2,2024-11-17 03:40
规硅开 冈磊榜格,,咯蜡,200,300,53.7,46.3,2024-11-17 03:55
规硅开 冈磊榜格,,咯蜡,200,300,58.7,41.3,2024-11-17 04:05
规硅开 冈磊榜格,,咯蜡,100,200,58.5,41.5,2024-11-17 04:15
规硅开 冈磊榜格,,咯蜡,100,200,60.9,39.1,2024-11-17 04:25
规硅开 冈磊榜格,,咯蜡,100,200,58.8,41.2,2024-11-17 04:35
规硅开 冈磊榜格,,咯蜡,200,300,58.1,41.9,2024-11-17 04:55
规硅开 冈磊榜格,,咯蜡,100,200,60.8,39.2,2024-11-17 05:05
规硅开 冈磊榜格,,咯蜡,100,200,57.6,42.4,2024-11-17 05:15
规硅开 冈磊榜格,,咯蜡,200,300,59.9,40.1,2024-11-17 05:25
规硅开 冈磊榜格,,咯蜡,200,300,58.0,42.0,2024-11-17 05:35
规硅开 冈磊榜格,,咯蜡,100,200,58.0,42.0,2024-11-17 05:45
规硅开 冈磊榜格,,咯蜡,100,200,56.0,44.0,2024-11-17 05:55
规硅开 冈磊榜格,,咯蜡,200,300,52.5,47.5,2024-11-17 06:05
规硅开 冈磊榜格,,咯蜡,200,300,48.0,52.0,2024-11-17 06:15
规硅开 冈磊榜格,,咯蜡,200,300,51.9,48.1,2024-11-17 06:25
规硅开 冈磊榜格,,咯蜡,200,300,47.3,52.7,2024-11-17 06:35
规硅开 冈磊榜格,,咯蜡,200,300,48.8,51.2,2024-11-17 06:45
规硅开 冈磊榜格,,咯蜡,200,300,50.6,49.4,2024-11-17 06:55
规硅开 冈磊榜格,,咯蜡,200,300,21.7,78.3,2024-11-17 07:20
规硅开 冈磊榜格,,咯蜡,200,300,22.7,77.3,2024-11-17 07:30
规硅开 冈磊榜格,,咯蜡,200,300,19.6,80.4,2024-11-17 07:40
规硅开 冈磊榜格,,咯蜡,200,300,15.8,84.2,2024-11-17 07:50
规硅开 冈磊榜格,,咯蜡,300,400,16.7,83.3,2024-11-17 08:00
规硅开 冈磊榜格,,咯蜡,200,300,19.1,80.9,2024-11-17 08:10
规硅开 冈磊榜格,,咯蜡,300,400,17.1,82.9,2024-11-17 08:20
规硅开 冈磊榜格,,咯蜡,300,400,14.5,85.5,2024-11-17 08:30
规硅开 冈磊榜格,,咯蜡,300,400,16.1,83.9,2024-11-17 08:40
规硅开 冈磊榜格,,咯蜡,400,500,15.1,84.9,2024-11-17 08:50
规硅开 冈磊榜格,,咯蜡,300,400,16.6,83.4,2024-11-17 09:00
规硅开 冈磊榜格,,咯蜡,300,400,18.3,81.7,2024-11-17 09:10
规硅开 冈磊榜格,,咯蜡,400,500,15.0,85.0,2024-11-17 09:20
规硅开 冈磊榜格,,咯蜡,400,500,14.7,85.3,2024-11-17 09:30
规硅开 冈磊榜格,,咯蜡,500,600,12.5,87.5,2024-11-17 09:40
规硅开 冈磊榜格,,咯蜡,500,600,13.2,86.8,2024-11-17 09:50
规硅开 冈磊榜格,,咯蜡,500,600,15.2,84.8,2024-11-17 10:00
规硅开 冈磊榜格,,咯蜡,500,600,14.8,85.2,2024-11-17 10:10
规硅开 冈磊榜格,,咯蜡,500,600,12.9,87.1,2024-11-17 10:20
规硅开 冈磊榜格,,咯蜡,500,600,11.6,88.4,2024-11-17 10:30
规硅开 冈磊榜格,,咯蜡,500,600,11.9,88.1,2024-11-17 10:45
规硅开 冈磊榜格,,咯蜡,600,700,11.5,88.5,2024-11-17 10:55
规硅开 冈磊榜格,,咯蜡,600,700,11.7,88.3,2024-11-17 11:05
规硅开 冈磊榜格,,咯蜡,700,800,10.5,89.5,2024-11-17 11:15
规硅开 冈磊榜格,,咯蜡,700,800,10.1,89.9,2024-11-17 11:25
规硅开 冈磊榜格,,咯蜡,700,800,8.7,91.3,2024-11-17 11:35
规硅开 冈磊榜格,,咯蜡,700,800,8.9,91.1,2024-11-17 11:45
规硅开 冈磊榜格,,咯蜡,700,800,9.4,90.6,2024-11-17 11:55
规硅开 冈磊榜格,,咯蜡,800,900,7.7,92.3,2024-11-17 12:05
规硅开 冈磊榜格,,咯蜡,800,900,8.0,92.0,2024-11-17 12:15
规硅开 冈磊榜格,,咯蜡,800,900,8.4,91.6,2024-11-17 12:25
规硅开 冈磊榜格,,咯蜡,800,900,8.9,91.1,2024-11-17 12:35
规硅开 冈磊榜格,,咯蜡,800,900,8.9,91.1,2024-11-17 12:45
规硅开 冈磊榜格,,咯蜡,900,1000,8.0,92.0,2024-11-17 12:55
规硅开 冈磊榜格,,咯蜡,900,1000,7.7,92.3,2024-11-17 13:15
规硅开 冈磊榜格,,咯蜡,900,1000,7.6,92.4,2024-11-17 13:25
规硅开 冈磊榜格,,咯蜡,900,1000,8.3,91.7,2024-11-17 13:35
规硅开 冈磊榜格,,咯蜡,800,900,9.4,90.6,2024-11-17 13:55
规硅开 冈磊榜格,,咯蜡,800,900,8.9,91.1,2024-11-17 14:20
规硅开 冈磊榜格,,咯蜡,800,900,9.4,90.6,2024-11-17 14:30
规硅开 冈磊榜格,,咯蜡,800,900,8.9,91.1,2024-11-17 14:40
规硅开 冈磊榜格,,咯蜡,700,800,9.4,90.6,2024-11-17 14:50
规硅开 冈磊榜格,,咯蜡,700,800,10.8,89.2,2024-11-17 15:00
规硅开 冈磊榜格,,咯蜡,700,800,10.2,89.8,2024-11-17 15:10
规硅开 冈磊榜格,,咯蜡,700,800,9.8,90.2,2024-11-17 15:20
规硅开 冈磊榜格,,咯蜡,800,900,8.1,91.9,2024-11-17 15:30
规硅开 冈磊榜格,,咯蜡,700,800,9.5,90.5,2024-11-17 15:40
规硅开 冈磊榜格,,咯蜡,600,700,12.4,87.6,2024-11-17 15:50
规硅开 冈磊榜格,,咯蜡,800,900,9.4,90.6,2024-11-17 16:00
规硅开 冈磊榜格,,咯蜡,800,900,9.5,90.5,2024-11-17 16:10
规硅开 冈磊榜格,,咯蜡,700,800,9.2,90.8,2024-11-17 16:20
规硅开 冈磊榜格,,咯蜡,700,800,10.2,89.8,2024-11-17 16:30
规硅开 冈磊榜格,,咯蜡,700,800,10.8,89.2,2024-11-17 16:40
规硅开 冈磊榜格,,咯蜡,800,900,9.8,90.2,2024-11-17 16:50
规硅开 冈磊榜格,,咯蜡,800,900,9.7,90.3,2024-11-17 17:15
规硅开 冈磊榜格,,咯蜡,700,800,10.7,89.3,2024-11-17 17:25
规硅开 冈磊榜格,,咯蜡,700,800,11.9,88.1,2024-11-17 17:35
规硅开 冈磊榜格,,咯蜡,700,800,11.9,88.1,2024-11-17 17:45
规硅开 冈磊榜格,,咯蜡,700,800,10.9,89.1,2024-11-17 17:55
规硅开 冈磊榜格,,咯蜡,800,900,13.5,86.5,2024-11-17 18:05
规硅开 冈磊榜格,,咯蜡,700,800,13.5,86.5,2024-11-17 18:25
规硅开 冈磊榜格,,咯蜡,700,800,14.1,85.9,2024-11-17 18:35
规硅开 冈磊榜格,,咯蜡,700,800,12.5,87.5,2024-11-17 18:45
规硅开 冈磊榜格,,咯蜡,700,800,14.3,85.7,2024-11-17 18:55
规硅开 冈磊榜格,,咯蜡,700,800,14.0,86.0,2024-11-17 19:05
规硅开 冈磊榜格,,咯蜡,600,700,16.8,83.2,2024-11-17 19:25
规硅开 冈磊榜格,,咯蜡,600,700,18.5,81.5,2024-11-17 19:35
规硅开 冈磊榜格,,咯蜡,600,700,15.9,84.1,2024-11-17 19:45
规硅开 冈磊榜格,,咯蜡,600,700,16.0,84.0,2024-11-17 19:55
规硅开 冈磊榜格,,咯蜡,600,700,15.1,84.9,2024-11-17 20:10
规硅开 冈磊榜格,,咯蜡,600,700,20.1,79.9,2024-11-17 20:20
规硅开 冈磊榜格,,咯蜡,500,600,19.3,80.7,2024-11-17 20:30
规硅开 冈磊榜格,,咯蜡,500,600,22.2,77.8,2024-11-17 20:40
规硅开 冈磊榜格,,咯蜡,500,600,20.6,79.4,2024-11-17 20:50
规硅开 冈磊榜格,,咯蜡,500,600,20.8,79.2,2024-11-17 21:00
规硅开 冈磊榜格,,咯蜡,400,500,24.4,75.6,2024-11-17 21:10
规硅开 冈磊榜格,,咯蜡,400,500,24.4,75.6,2024-11-17 21:20
规硅开 冈磊榜格,,咯蜡,400,500,25.2,74.8,2024-11-17 21:30
规硅开 冈磊榜格,,咯蜡,400,500,24.6,75.4,2024-11-17 21:40
规硅开 冈磊榜格,,咯蜡,400,500,27.8,72.2,2024-11-17 21:50
规硅开 冈磊榜格,,咯蜡,300,400,32.0,68.0,2024-11-17 22:00
规硅开 冈磊榜格,,咯蜡,300,400,30.8,69.2,2024-11-17 22:10
规硅开 冈磊榜格,,咯蜡,300,400,34.0,66.0,2024-11-17 22:20
规硅开 冈磊榜格,,咯蜡,300,400,38.3,61.7,2024-11-17 22:30
规硅开 冈磊榜格,,咯蜡,300,400,40.0,60.0,2024-11-17 22:40
规硅开 冈磊榜格,,咯蜡,300,400,43.2,56.8,2024-11-17 23:05
规硅开 冈磊榜格,,咯蜡,200,300,48.5,51.5,2024-11-17 23:25
规硅开 冈磊榜格,,咯蜡,300,400,45.8,54.2,2024-11-17 23:35
规硅开 冈磊榜格,,咯蜡,200,300,52.7,47.3,2024-11-17 23:45
规硅开 冈磊榜格,,咯蜡,200,300,49.7,50.3,2024-11-17 23:55
规硅开 冈磊榜格,,咯蜡,200,300,52.4,47.6,2024-11-18 00:05
规硅开 冈磊榜格,,咯蜡,200,300,49.9,50.1,2024-11-18 00:15
规硅开 冈磊榜格,,咯蜡,200,300,54.0,46.0,2024-11-18 00:25
规硅开 冈磊榜格,,咯蜡,200,300,55.0,45.0,2024-11-18 00:35
规硅开 冈磊榜格,,咯蜡,200,300,55.4,44.6,2024-11-18 00:45
规硅开 冈磊榜格,,咯蜡,200,300,60.3,39.7,2024-11-18 01:05
规硅开 冈磊榜格,,咯蜡,200,300,61.2,38.8,2024-11-18 01:15
规硅开 冈磊榜格,,咯蜡,200,300,56.6,43.4,2024-11-18 01:25
规硅开 冈磊榜格,,咯蜡,200,300,57.5,42.5,2024-11-18 01:35
规硅开 冈磊榜格,,咯蜡,200,300,60.1,39.9,2024-11-18 01:45
规硅开 冈磊榜格,,咯蜡,200,300,59.7,40.3,2024-11-18 01:55
规硅开 冈磊榜格,,咯蜡,100,200,68.8,31.2,2024-11-18 02:05
规硅开 冈磊榜格,,咯蜡,200,300,68.0,32.0,2024-11-18 02:20
规硅开 冈磊榜格,,咯蜡,200,300,63.8,36.2,2024-11-18 02:30
规硅开 冈磊榜格,,咯蜡,200,300,63.0,37.0,2024-11-18 02:40
规硅开 冈磊榜格,,咯蜡,200,300,62.0,38.0,2024-11-18 02:50
规硅开 冈磊榜格,,咯蜡,200,300,60.9,39.1,2024-11-18 03:00
规硅开 冈磊榜格,,咯蜡,200,300,64.0,36.0,2024-11-18 03:20
规硅开 冈磊榜格,,咯蜡,200,300,65.2,34.8,2024-11-18 03:30
规硅开 冈磊榜格,,咯蜡,200,300,66.6,33.4,2024-11-18 03:40
规硅开 冈磊榜格,,咯蜡,200,300,67.9,32.1,2024-11-18 03:50
规硅开 冈磊榜格,,咯蜡,200,300,60.6,39.4,2024-11-18 04:00
规硅开 冈磊榜格,,咯蜡,200,300,67.3,32.7,2024-11-18 04:10
规硅开 冈磊榜格,,咯蜡,200,300,67.9,32.1,2024-11-18 04:20
规硅开 冈磊榜格,,咯蜡,200,300,68.6,31.4,2024-11-18 04:30
规硅开 冈磊榜格,,咯蜡,200,300,61.6,38.4,2024-11-18 04:40
规硅开 冈磊榜格,,咯蜡,200,300,63.9,36.1,2024-11-18 04:50
规硅开 冈磊榜格,,咯蜡,200,300,59.8,40.2,2024-11-18 05:00
规硅开 冈磊榜格,,咯蜡,200,300,63.8,36.2,2024-11-18 05:10
规硅开 冈磊榜格,,咯蜡,200,300,57.6,42.4,2024-11-18 05:20
规硅开 冈磊榜格,,咯蜡,200,300,56.8,43.2,2024-11-18 05:30
规硅开 冈磊榜格,,咯蜡,200,300,54.4,45.6,2024-11-18 05:45
规硅开 冈磊榜格,,咯蜡,200,300,44.9,55.1,2024-11-18 05:55
规硅开 冈磊榜格,,咯蜡,200,300,50.8,49.2,2024-11-18 06:05
规硅开 冈磊榜格,,咯蜡,300,400,42.9,57.1,2024-11-18 06:15
规硅开 冈磊榜格,,咯蜡,300,400,43.0,57.0,2024-11-18 06:25
规硅开 冈磊榜格,,咯蜡,200,300,43.8,56.2,2024-11-18 06:35
规硅开 冈磊榜格,,咯蜡,300,400,37.7,62.3,2024-11-18 06:45
规硅开 冈磊榜格,,咯蜡,300,400,39.6,60.4,2024-11-18 06:55
规硅开 冈磊榜格,,咯蜡,500,600,14.2,85.8,2024-11-18 07:25
规硅开 冈磊榜格,,咯蜡,600,700,9.3,90.7,2024-11-18 07:35
规硅开 冈磊榜格,,咯蜡,700,800,9.2,90.8,2024-11-18 07:45
规硅开 冈磊榜格,,咯蜡,700,800,13.4,86.6,2024-11-18 08:05
规硅开 冈磊榜格,,咯蜡,800,900,10.8,89.2,2024-11-18 08:15
规硅开 冈磊榜格,,咯蜡,900,1000,10.5,89.5,2024-11-18 08:25
规硅开 冈磊榜格,,咯蜡,900,1000,11.4,88.6,2024-11-18 08:35
规硅开 冈磊榜格,,咯蜡,1000,1500,11.5,88.5,2024-11-18 08:45
规硅开 冈磊榜格,,咯蜡,900,1000,13.7,86.3,2024-11-18 08:55
规硅开 冈磊榜格,,咯蜡,1000,1500,14.9,85.1,2024-11-18 09:05
规硅开 冈磊榜格,,咯蜡,1000,1500,17.2,82.8,2024-11-18 09:25
规硅开 冈磊榜格,,咯蜡,1000,1500,16.3,83.7,2024-11-18 09:35
规硅开 冈磊榜格,,咯蜡,1000,1500,15.6,84.4,2024-11-18 09:45
规硅开 冈磊榜格,,咯蜡,1000,1500,17.5,82.5,2024-11-18 10:00
规硅开 冈磊榜格,,咯蜡,1000,1500,17.5,82.5,2024-11-18 10:10
规硅开 冈磊榜格,,咯蜡,1000,1500,19.2,80.8,2024-11-18 10:20
规硅开 冈磊榜格,,咯蜡,1000,1500,17.5,82.5,2024-11-18 10:30
规硅开 冈磊榜格,,咯蜡,1000,1500,17.9,82.1,2024-11-18 10:40
规硅开 冈磊榜格,,咯蜡,1000,1500,16.5,83.5,2024-11-18 10:50
规硅开 冈磊榜格,,咯蜡,1000,1500,16.9,83.1,2024-11-18 11:00
规硅开 冈磊榜格,,咯蜡,1000,1500,17.6,82.4,2024-11-18 11:10
规硅开 冈磊榜格,,咯蜡,1000,1500,18.1,81.9,2024-11-18 11:20
规硅开 冈磊榜格,,咯蜡,1000,1500,15.7,84.3,2024-11-18 11:30
规硅开 冈磊榜格,,咯蜡,1000,1500,14.6,85.4,2024-11-18 11:40
规硅开 冈磊榜格,,距埃 赫忽,1500,2000,12.6,87.4,2024-11-18 11:50
规硅开 冈磊榜格,,距埃 赫忽,1500,2000,13.3,86.7,2024-11-18 12:00
规硅开 冈磊榜格,,距埃 赫忽,1500,2000,12.7,87.3,2024-11-18 12:15
规硅开 冈磊榜格,,距埃 赫忽,1500,2000,13.3,86.7,2024-11-18 12:25
规硅开 冈磊榜格,,距埃 赫忽,1500,2000,13.2,86.8,2024-11-18 12:35
规硅开 冈磊榜格,,距埃 赫忽,1500,2000,12.7,87.3,2024-11-18 12:45
规硅开 冈磊榜格,,距埃 赫忽,1500,2000,13.4,86.6,2024-11-18 12:55
规硅开 冈磊榜格,,距埃 赫忽,1500,2000,14.3,85.7,2024-11-18 13:05
规硅开 冈磊榜格,,焊烹,1000,1500,14.8,85.2,2024-11-18 13:15
规硅开 冈磊榜格,,咯蜡,1000,1500,14.7,85.3,2024-11-18 13:45
规硅开 冈磊榜格,,焊烹,1000,1500,14.8,85.2,2024-11-18 13:55
规硅开 冈磊榜格,,焊烹,1000,1500,15.5,84.5,2024-11-18 14:05
规硅开 冈磊榜格,,咯蜡,1000,1500,16.2,83.8,2024-11-18 14:15
规硅开 冈磊榜格,,咯蜡,1000,1500,15.4,84.6,2024-11-18 14:25
规硅开 冈磊榜格,,焊烹,1000,1500,14.9,85.1,2024-11-18 14:35
规硅开 冈磊榜格,,焊烹,1000,1500,15.5,84.5,2024-11-18 14:45
规硅开 冈磊榜格,,距埃 赫忽,1000,1500,14.3,85.7,2024-11-18 15:00
规硅开 冈磊榜格,,焊烹,1000,1500,15.6,84.4,2024-11-18 15:10
规硅开 冈磊榜格,,焊烹,1000,1500,13.5,86.5,2024-11-18 15:20
规硅开 冈磊榜格,,焊烹,1000,1500,14.3,85.7,2024-11-18 15:40
规硅开 冈磊榜格,,焊烹,1000,1500,14.5,85.5,2024-11-18 15:50
规硅开 冈磊榜格,,焊烹,1000,1500,14.3,85.7,2024-11-18 16:00
规硅开 冈磊榜格,,焊烹,1000,1500,15.2,84.8,2024-11-18 16:10
规硅开 冈磊榜格,,咯蜡,1000,1500,15.5,84.5,2024-11-18 16:20
规硅开 冈磊榜格,,焊烹,1000,1500,15.5,84.5,2024-11-18 16:30
规硅开 冈磊榜格,,焊烹,1000,1500,13.1,86.9,2024-11-18 16:40
规硅开 冈磊榜格,,焊烹,1000,1500,13.9,86.1,2024-11-18 17:00
规硅开 冈磊榜格,,焊烹,1000,1500,13.7,86.3,2024-11-18 17:10
规硅开 冈磊榜格,,咯蜡,1000,1500,14.0,86.0,2024-11-18 17:20
规硅开 冈磊榜格,,距埃 赫忽,1000,1500,12.9,87.1,2024-11-18 17:40
规硅开 冈磊榜格,,焊烹,1000,1500,13.1,86.9,2024-11-18 17:50
规硅开 冈磊榜格,,距埃 赫忽,1500,2000,8.7,91.3,2024-11-18 18:05
规硅开 冈磊榜格,,距埃 赫忽,1500,2000,5.6,94.4,2024-11-18 18:15
规硅开 冈磊榜格,,咯蜡,1000,1500,5.5,94.5,2024-11-18 18:25
规硅开 冈磊榜格,,焊烹,1500,2000,5.9,94.1,2024-11-18 18:35
规硅开 冈磊榜格,,距埃 赫忽,1500,2000,5.4,94.6,2024-11-18 18:45
规硅开 冈磊榜格,,咯蜡,1000,1500,6.8,93.2,2024-11-18 18:55
规硅开 冈磊榜格,,咯蜡,1000,1500,7.8,92.2,2024-11-18 19:05
规硅开 冈磊榜格,,咯蜡,1000,1500,8.6,91.4,2024-11-18 19:25
规硅开 冈磊榜格,,咯蜡,1000,1500,9.2,90.8,2024-11-18 19:45
规硅开 冈磊榜格,,咯蜡,1000,1500,9.6,90.4,2024-11-18 19:55
规硅开 冈磊榜格,,咯蜡,1000,1500,10.3,89.7,2024-11-18 20:05
规硅开 冈磊榜格,,咯蜡,1000,1500,10.9,89.1,2024-11-18 20:15
规硅开 冈磊榜格,,咯蜡,900,1000,11.3,88.7,2024-11-18 20:25
规硅开 冈磊榜格,,咯蜡,900,1000,11.7,88.3,2024-11-18 20:35
规硅开 冈磊榜格,,咯蜡,900,1000,13.0,87.0,2024-11-18 20:45
规硅开 冈磊榜格,,咯蜡,900,1000,12.8,87.2,2024-11-18 21:05
规硅开 冈磊榜格,,咯蜡,900,1000,12.7,87.3,2024-11-18 21:15
规硅开 冈磊榜格,,咯蜡,700,800,14.1,85.9,2024-11-18 21:25
规硅开 冈磊榜格,,咯蜡,700,800,16.0,84.0,2024-11-18 21:35
规硅开 冈磊榜格,,咯蜡,700,800,20.2,79.8,2024-11-18 22:00
规硅开 冈磊榜格,,咯蜡,700,800,19.9,80.1,2024-11-18 22:10
规硅开 冈磊榜格,,咯蜡,600,700,21.4,78.6,2024-11-18 22:20
规硅开 冈磊榜格,,咯蜡,600,700,23.2,76.8,2024-11-18 22:30
规硅开 冈磊榜格,,咯蜡,500,600,24.0,76.0,2024-11-18 22:40
规硅开 冈磊榜格,,咯蜡,400,500,28.0,72.0,2024-11-18 22:50
规硅开 冈磊榜格,,咯蜡,400,500,27.7,72.3,2024-11-18 23:00
规硅开 冈磊榜格,,咯蜡,500,600,27.8,72.2,2024-11-18 23:10
规硅开 冈磊榜格,,咯蜡,400,500,31.2,68.8,2024-11-18 23:20
规硅开 冈磊榜格,,咯蜡,400,500,31.9,68.1,2024-11-18 23:30
规硅开 冈磊榜格,,咯蜡,400,500,34.3,65.7,2024-11-18 23:40
规硅开 冈磊榜格,,咯蜡,300,400,39.5,60.5,2024-11-18 23:50
规硅开 冈磊榜格,,咯蜡,300,400,39.6,60.4,2024-11-19 00:00
规硅开 冈磊榜格,,咯蜡,300,400,40.8,59.2,2024-11-19 00:10
规硅开 冈磊榜格,,咯蜡,300,400,42.8,57.2,2024-11-19 00:20
规硅开 冈磊榜格,,咯蜡,300,400,45.4,54.6,2024-11-19 00:30
规硅开 冈磊榜格,,咯蜡,300,400,47.1,52.9,2024-11-19 00:40
规硅开 冈磊榜格,,咯蜡,300,400,47.2,52.8,2024-11-19 00:50
规硅开 冈磊榜格,,咯蜡,200,300,50.6,49.4,2024-11-19 01:05
规硅开 冈磊榜格,,咯蜡,300,400,49.7,50.3,2024-11-19 01:15
规硅开 冈磊榜格,,咯蜡,200,300,54.8,45.2,2024-11-19 01:25
规硅开 冈磊榜格,,咯蜡,200,300,58.3,41.7,2024-11-19 01:35
规硅开 冈磊榜格,,咯蜡,200,300,57.4,42.6,2024-11-19 01:45
规硅开 冈磊榜格,,咯蜡,200,300,52.5,47.5,2024-11-19 02:05
规硅开 冈磊榜格,,咯蜡,200,300,60.2,39.8,2024-11-19 02:15
规硅开 冈磊榜格,,咯蜡,200,300,61.9,38.1,2024-11-19 02:25
规硅开 冈磊榜格,,咯蜡,200,300,57.8,42.2,2024-11-19 02:35
规硅开 冈磊榜格,,咯蜡,200,300,63.3,36.7,2024-11-19 02:45
规硅开 冈磊榜格,,咯蜡,200,300,60.0,40.0,2024-11-19 02:55
规硅开 冈磊榜格,,咯蜡,200,300,62.3,37.7,2024-11-19 03:05
规硅开 冈磊榜格,,咯蜡,200,300,63.9,36.1,2024-11-19 03:15
规硅开 冈磊榜格,,咯蜡,200,300,62.6,37.4,2024-11-19 03:25
规硅开 冈磊榜格,,咯蜡,200,300,60.8,39.2,2024-11-19 03:35
规硅开 冈磊榜格,,咯蜡,200,300,66.7,33.3,2024-11-19 03:45
规硅开 冈磊榜格,,咯蜡,200,300,61.0,39.0,2024-11-19 03:55
规硅开 冈磊榜格,,咯蜡,200,300,65.2,34.8,2024-11-19 04:20
规硅开 冈磊榜格,,咯蜡,200,300,68.3,31.7,2024-11-19 04:30
规硅开 冈磊榜格,,咯蜡,200,300,62.3,37.7,2024-11-19 04:40
规硅开 冈磊榜格,,咯蜡,200,300,66.2,33.8,2024-11-19 04:50
规硅开 冈磊榜格,,咯蜡,200,300,64.0,36.0,2024-11-19 05:00
规硅开 冈磊榜格,,咯蜡,200,300,55.7,44.3,2024-11-19 05:10
规硅开 冈磊榜格,,咯蜡,200,300,61.3,38.7,2024-11-19 05:20
规硅开 冈磊榜格,,咯蜡,200,300,59.7,40.3,2024-11-19 05:30
规硅开 冈磊榜格,,咯蜡,200,300,53.3,46.7,2024-11-19 05:40
规硅开 冈磊榜格,,咯蜡,200,300,53.5,46.5,2024-11-19 05:50
规硅开 冈磊榜格,,咯蜡,200,300,42.8,57.2,2024-11-19 06:00
规硅开 冈磊榜格,,咯蜡,300,400,41.4,58.6,2024-11-19 06:10
规硅开 冈磊榜格,,咯蜡,300,400,42.7,57.3,2024-11-19 06:20
规硅开 冈磊榜格,,咯蜡,300,400,41.5,58.5,2024-11-19 06:30
规硅开 冈磊榜格,,咯蜡,300,400,39.4,60.6,2024-11-19 06:40
规硅开 冈磊榜格,,咯蜡,300,400,34.2,65.8,2024-11-19 06:50
规硅开 冈磊榜格,,咯蜡,400,500,30.4,69.6,2024-11-19 07:00
规硅开 冈磊榜格,,咯蜡,600,700,10.9,89.1,2024-11-19 07:25
规硅开 冈磊榜格,,咯蜡,700,800,9.2,90.8,2024-11-19 07:35
规硅开 冈磊榜格,,咯蜡,700,800,10.1,89.9,2024-11-19 07:45
规硅开 冈磊榜格,,咯蜡,800,900,8.6,91.4,2024-11-19 07:55
规硅开 冈磊榜格,,咯蜡,800,900,11.3,88.7,2024-11-19 08:05
规硅开 冈磊榜格,,咯蜡,900,1000,9.8,90.2,2024-11-19 08:15
规硅开 冈磊榜格,,咯蜡,1000,1500,10.0,90.0,2024-11-19 08:25
规硅开 冈磊榜格,,焊烹,1000,1500,9.0,91.0,2024-11-19 08:35
规硅开 冈磊榜格,,焊烹,1000,1500,9.5,90.5,2024-11-19 08:45
规硅开 冈磊榜格,,咯蜡,1000,1500,9.4,90.6,2024-11-19 08:55
规硅开 冈磊榜格,,咯蜡,1000,1500,12.6,87.4,2024-11-19 09:05
规硅开 冈磊榜格,,咯蜡,1000,1500,13.6,86.4,2024-11-19 09:15
规硅开 冈磊榜格,,咯蜡,1000,1500,15.4,84.6,2024-11-19 09:25
规硅开 冈磊榜格,,咯蜡,1000,1500,15.2,84.8,2024-11-19 09:35
规硅开 冈磊榜格,,咯蜡,1000,1500,14.0,86.0,2024-11-19 09:45
规硅开 冈磊榜格,,咯蜡,1000,1500,13.6,86.4,2024-11-19 09:55
规硅开 冈磊榜格,,咯蜡,1000,1500,15.4,84.6,2024-11-19 10:05
规硅开 冈磊榜格,,咯蜡,1000,1500,17.5,82.5,2024-11-19 10:15
规硅开 冈磊榜格,,咯蜡,1000,1500,15.3,84.7,2024-11-19 10:25
规硅开 冈磊榜格,,咯蜡,1000,1500,15.9,84.1,2024-11-19 10:50
规硅开 冈磊榜格,,咯蜡,1000,1500,14.3,85.7,2024-11-19 11:00
规硅开 冈磊榜格,,咯蜡,1000,1500,14.5,85.5,2024-11-19 11:10
规硅开 冈磊榜格,,咯蜡,1000,1500,13.9,86.1,2024-11-19 11:20
规硅开 冈磊榜格,,咯蜡,1000,1500,14.1,85.9,2024-11-19 11:30
规硅开 冈磊榜格,,距埃 赫忽,1500,2000,12.2,87.8,2024-11-19 11:40
规硅开 冈磊榜格,,距埃 赫忽,1500,2000,10.3,89.7,2024-11-19 11:50
规硅开 冈磊榜格,,距埃 赫忽,1500,2000,9.6,90.4,2024-11-19 12:00
规硅开 冈磊榜格,,距埃 赫忽,1500,2000,11.1,88.9,2024-11-19 12:10
规硅开 冈磊榜格,,距埃 赫忽,1500,2000,11.2,88.8,2024-11-19 12:20
规硅开 冈磊榜格,,距埃 赫忽,1500,2000,10.9,89.1,2024-11-19 12:30
规硅开 冈磊榜格,,距埃 赫忽,1500,2000,10.8,89.2,2024-11-19 12:40
规硅开 冈磊榜格,,距埃 赫忽,1500,2000,11.1,88.9,2024-11-19 12:55
规硅开 冈磊榜格,,距埃 赫忽,1500,2000,11.5,88.5,2024-11-19 13:05
规硅开 冈磊榜格,,焊烹,1000,1500,12.2,87.8,2024-11-19 13:15
规硅开 冈磊榜格,,距埃 赫忽,1500,2000,11.9,88.1,2024-11-19 13:25
规硅开 冈磊榜格,,距埃 赫忽,1500,2000,11.9,88.1,2024-11-19 13:35
规硅开 冈磊榜格,,距埃 赫忽,1500,2000,12.0,88.0,2024-11-19 13:45
规硅开 冈磊榜格,,距埃 赫忽,1500,2000,11.9,88.1,2024-11-19 13:55
规硅开 冈磊榜格,,距埃 赫忽,1500,2000,12.7,87.3,2024-11-19 14:05
规硅开 冈磊榜格,,距埃 赫忽,1500,2000,12.3,87.7,2024-11-19 14:15
规硅开 冈磊榜格,,距埃 赫忽,1500,2000,13.3,86.7,2024-11-19 14:40
规硅开 冈磊榜格,,距埃 赫忽,1500,2000,11.3,88.7,2024-11-19 14:50
规硅开 冈磊榜格,,距埃 赫忽,1500,2000,12.3,87.7,2024-11-19 15:00
规硅开 冈磊榜格,,距埃 赫忽,1500,2000,13.3,86.7,2024-11-19 15:10
规硅开 冈磊榜格,,焊烹,1000,1500,13.4,86.6,2024-11-19 15:20
规硅开 冈磊榜格,,焊烹,1000,1500,14.0,86.0,2024-11-19 15:30
规硅开 冈磊榜格,,焊烹,1000,1500,12.4,87.6,2024-11-19 15:40
规硅开 冈磊榜格,,咯蜡,1000,1500,14.1,85.9,2024-11-19 15:50
规硅开 冈磊榜格,,焊烹,1000,1500,12.7,87.3,2024-11-19 16:00
规硅开 冈磊榜格,,距埃 赫忽,1500,2000,12.2,87.8,2024-11-19 16:10
规硅开 冈磊榜格,,距埃 赫忽,1500,2000,12.0,88.0,2024-11-19 16:20
规硅开 冈磊榜格,,距埃 赫忽,1500,2000,12.4,87.6,2024-11-19 16:30
规硅开 冈磊榜格,,距埃 赫忽,1500,2000,13.0,87.0,2024-11-19 16:40
规硅开 冈磊榜格,,距埃 赫忽,1500,2000,12.7,87.3,2024-11-19 16:50
规硅开 冈磊榜格,,距埃 赫忽,1500,2000,12.5,87.5,2024-11-19 17:00
规硅开 冈磊榜格,,距埃 赫忽,1500,2000,11.9,88.1,2024-11-19 17:15
规硅开 冈磊榜格,,距埃 赫忽,1500,2000,11.8,88.2,2024-11-19 17:25
规硅开 冈磊榜格,,距埃 赫忽,1500,2000,12.2,87.8,2024-11-19 17:35
规硅开 冈磊榜格,,距埃 赫忽,1500,2000,10.6,89.4,2024-11-19 17:45
规硅开 冈磊榜格,,距埃 赫忽,1500,2000,11.4,88.6,2024-11-19 17:55
规硅开 冈磊榜格,,距埃 赫忽,1500,2000,8.3,91.7,2024-11-19 18:05
规硅开 冈磊榜格,,距埃 赫忽,1500,2000,4.9,95.1,2024-11-19 18:15
规硅开 冈磊榜格,,距埃 赫忽,1500,2000,4.5,95.5,2024-11-19 18:25
规硅开 冈磊榜格,,距埃 赫忽,1500,2000,5.2,94.8,2024-11-19 18:35
规硅开 冈磊榜格,,距埃 赫忽,1500,2000,5.0,95.0,2024-11-19 18:45
规硅开 冈磊榜格,,距埃 赫忽,1500,2000,5.5,94.5,2024-11-19 18:55
规硅开 冈磊榜格,,距埃 赫忽,1500,2000,6.8,93.2,2024-11-19 19:05
规硅开 冈磊榜格,,咯蜡,1000,1500,8.1,91.9,2024-11-19 19:25
规硅开 冈磊榜格,,咯蜡,1000,1500,9.0,91.0,2024-11-19 19:35
规硅开 冈磊榜格,,咯蜡,1000,1500,9.2,90.8,2024-11-19 20:00
规硅开 冈磊榜格,,咯蜡,1000,1500,10.1,89.9,2024-11-19 20:10
规硅开 冈磊榜格,,咯蜡,1000,1500,9.4,90.6,2024-11-19 20:20
规硅开 冈磊榜格,,咯蜡,1000,1500,10.4,89.6,2024-11-19 20:30
规硅开 冈磊榜格,,咯蜡,1000,1500,11.2,88.8,2024-11-19 20:40
规硅开 冈磊榜格,,咯蜡,1000,1500,10.5,89.5,2024-11-19 20:50
规硅开 冈磊榜格,,咯蜡,1000,1500,10.5,89.5,2024-11-19 21:00
规硅开 冈磊榜格,,咯蜡,900,1000,11.5,88.5,2024-11-19 21:10
规硅开 冈磊榜格,,咯蜡,900,1000,12.5,87.5,2024-11-19 21:30
规硅开 冈磊榜格,,咯蜡,800,900,14.6,85.4,2024-11-19 21:40
规硅开 冈磊榜格,,咯蜡,800,900,17.1,82.9,2024-11-19 22:00
规硅开 冈磊榜格,,咯蜡,900,1000,14.1,85.9,2024-11-19 22:10
规硅开 冈磊榜格,,咯蜡,700,800,16.7,83.3,2024-11-19 22:20
规硅开 冈磊榜格,,咯蜡,700,800,19.0,81.0,2024-11-19 22:30
规硅开 冈磊榜格,,咯蜡,600,700,20.9,79.1,2024-11-19 22:40
规硅开 冈磊榜格,,咯蜡,500,600,21.9,78.1,2024-11-19 22:50
规硅开 冈磊榜格,,咯蜡,500,600,22.6,77.4,2024-11-19 23:00
规硅开 冈磊榜格,,咯蜡,500,600,26.9,73.1,2024-11-19 23:10
规硅开 冈磊榜格,,咯蜡,400,500,30.8,69.2,2024-11-19 23:35
规硅开 冈磊榜格,,咯蜡,300,400,34.7,65.3,2024-11-19 23:45
规硅开 冈磊榜格,,咯蜡,300,400,38.2,61.8,2024-11-19 23:55
规硅开 冈磊榜格,,咯蜡,300,400,41.9,58.1,2024-11-20 00:05
规硅开 冈磊榜格,,咯蜡,200,300,50.9,49.1,2024-11-20 00:25
规硅开 冈磊榜格,,咯蜡,200,300,50.7,49.3,2024-11-20 00:35
规硅开 冈磊榜格,,咯蜡,200,300,50.8,49.2,2024-11-20 00:45
规硅开 冈磊榜格,,咯蜡,200,300,56.9,43.1,2024-11-20 00:55
规硅开 冈磊榜格,,咯蜡,200,300,55.4,44.6,2024-11-20 01:05
规硅开 冈磊榜格,,咯蜡,200,300,52.5,47.5,2024-11-20 01:15
规硅开 冈磊榜格,,咯蜡,200,300,55.3,44.7,2024-11-20 01:25
规硅开 冈磊榜格,,咯蜡,200,300,57.0,43.0,2024-11-20 01:35
规硅开 冈磊榜格,,咯蜡,200,300,55.7,44.3,2024-11-20 01:45
规硅开 冈磊榜格,,咯蜡,200,300,60.1,39.9,2024-11-20 01:55
规硅开 冈磊榜格,,咯蜡,200,300,56.3,43.7,2024-11-20 02:05
规硅开 冈磊榜格,,咯蜡,200,300,59.4,40.6,2024-11-20 02:15
规硅开 冈磊榜格,,咯蜡,200,300,56.2,43.8,2024-11-20 02:25
规硅开 冈磊榜格,,咯蜡,200,300,59.0,41.0,2024-11-20 02:50
规硅开 冈磊榜格,,咯蜡,200,300,64.3,35.7,2024-11-20 03:00
规硅开 冈磊榜格,,咯蜡,200,300,64.6,35.4,2024-11-20 03:10
规硅开 冈磊榜格,,咯蜡,200,300,64.8,35.2,2024-11-20 03:20
规硅开 冈磊榜格,,咯蜡,200,300,68.3,31.7,2024-11-20 03:30
规硅开 冈磊榜格,,咯蜡,200,300,68.0,32.0,2024-11-20 03:40
规硅开 冈磊榜格,,咯蜡,200,300,66.1,33.9,2024-11-20 03:50
规硅开 冈磊榜格,,咯蜡,200,300,62.5,37.5,2024-11-20 04:00
规硅开 冈磊榜格,,咯蜡,200,300,63.2,36.8,2024-11-20 04:10
规硅开 冈磊榜格,,咯蜡,200,300,63.8,36.2,2024-11-20 04:20
规硅开 冈磊榜格,,咯蜡,200,300,67.3,32.7,2024-11-20 04:30
规硅开 冈磊榜格,,咯蜡,200,300,63.2,36.8,2024-11-20 04:40
规硅开 冈磊榜格,,咯蜡,200,300,65.0,35.0,2024-11-20 04:50
规硅开 冈磊榜格,,咯蜡,200,300,61.6,38.4,2024-11-20 05:00
规硅开 冈磊榜格,,咯蜡,200,300,65.1,34.9,2024-11-20 05:10
规硅开 冈磊榜格,,咯蜡,200,300,59.1,40.9,2024-11-20 05:20
规硅开 冈磊榜格,,咯蜡,200,300,56.0,44.0,2024-11-20 05:45
规硅开 冈磊榜格,,咯蜡,200,300,53.3,46.7,2024-11-20 05:55
规硅开 冈磊榜格,,咯蜡,200,300,47.5,52.5,2024-11-20 06:05
规硅开 冈磊榜格,,咯蜡,200,300,47.0,53.0,2024-11-20 06:15
规硅开 冈磊榜格,,咯蜡,200,300,43.9,56.1,2024-11-20 06:25
规硅开 冈磊榜格,,咯蜡,300,400,45.3,54.7,2024-11-20 06:35
规硅开 冈磊榜格,,咯蜡,300,400,43.2,56.8,2024-11-20 06:45
规硅开 冈磊榜格,,咯蜡,300,400,38.7,61.3,2024-11-20 06:55
规硅开 冈磊榜格,,咯蜡,400,500,23.1,76.9,2024-11-20 07:05
规硅开 冈磊榜格,,咯蜡,400,500,15.8,84.2,2024-11-20 07:15
规硅开 冈磊榜格,,咯蜡,500,600,13.0,87.0,2024-11-20 07:25
规硅开 冈磊榜格,,咯蜡,600,700,10.7,89.3,2024-11-20 07:35
规硅开 冈磊榜格,,咯蜡,700,800,9.5,90.5,2024-11-20 07:45
规硅开 冈磊榜格,,咯蜡,700,800,10.7,89.3,2024-11-20 07:55
规硅开 冈磊榜格,,咯蜡,700,800,11.2,88.8,2024-11-20 08:05
规硅开 冈磊榜格,,咯蜡,800,900,9.3,90.7,2024-11-20 08:15
规硅开 冈磊榜格,,咯蜡,1000,1500,9.4,90.6,2024-11-20 08:25
规硅开 冈磊榜格,,咯蜡,1000,1500,8.9,91.1,2024-11-20 08:35
规硅开 冈磊榜格,,焊烹,1000,1500,9.4,90.6,2024-11-20 08:45
规硅开 冈磊榜格,,焊烹,1000,1500,11.5,88.5,2024-11-20 09:10
规硅开 冈磊榜格,,咯蜡,1000,1500,15.7,84.3,2024-11-20 09:20
规硅开 冈磊榜格,,焊烹,1000,1500,12.7,87.3,2024-11-20 09:30
规硅开 冈磊榜格,,咯蜡,1000,1500,14.6,85.4,2024-11-20 09:40
规硅开 冈磊榜格,,咯蜡,1000,1500,13.9,86.1,2024-11-20 09:50
规硅开 冈磊榜格,,咯蜡,1000,1500,15.9,84.1,2024-11-20 10:00
规硅开 冈磊榜格,,咯蜡,1000,1500,16.8,83.2,2024-11-20 10:10
规硅开 冈磊榜格,,咯蜡,1000,1500,16.2,83.8,2024-11-20 10:20
规硅开 冈磊榜格,,咯蜡,1000,1500,17.4,82.6,2024-11-20 10:30
规硅开 冈磊榜格,,咯蜡,1000,1500,15.3,84.7,2024-11-20 10:40
规硅开 冈磊榜格,,咯蜡,1000,1500,14.7,85.3,2024-11-20 10:50
规硅开 冈磊榜格,,焊烹,1000,1500,13.7,86.3,2024-11-20 11:00
规硅开 冈磊榜格,,咯蜡,1000,1500,15.3,84.7,2024-11-20 11:10
规硅开 冈磊榜格,,咯蜡,1000,1500,15.4,84.6,2024-11-20 11:20
规硅开 冈磊榜格,,咯蜡,1000,1500,13.8,86.2,2024-11-20 11:30
规硅开 冈磊榜格,,距埃 赫忽,1500,2000,10.9,89.1,2024-11-20 11:50
规硅开 冈磊榜格,,距埃 赫忽,1500,2000,11.2,88.8,2024-11-20 12:00
规硅开 冈磊榜格,,距埃 赫忽,1500,2000,11.0,89.0,2024-11-20 12:10
规硅开 冈磊榜格,,距埃 赫忽,1500,2000,10.9,89.1,2024-11-20 12:25
规硅开 冈磊榜格,,距埃 赫忽,1500,2000,9.9,90.1,2024-11-20 12:35
规硅开 冈磊榜格,,距埃 赫忽,1500,2000,9.6,90.4,2024-11-20 12:45
规硅开 冈磊榜格,,距埃 赫忽,1500,2000,10.5,89.5,2024-11-20 12:55
规硅开 冈磊榜格,,距埃 赫忽,1500,2000,12.1,87.9,2024-11-20 13:05
规硅开 冈磊榜格,,距埃 赫忽,1500,2000,11.5,88.5,2024-11-20 13:15
规硅开 冈磊榜格,,距埃 赫忽,1500,2000,12.0,88.0,2024-11-20 13:25
规硅开 冈磊榜格,,距埃 赫忽,1500,2000,12.3,87.7,2024-11-20 13:35
规硅开 冈磊榜格,,距埃 赫忽,1500,2000,12.1,87.9,2024-11-20 13:45
规硅开 冈磊榜格,,距埃 赫忽,1500,2000,12.2,87.8,2024-11-20 13:55
规硅开 冈磊榜格,,距埃 赫忽,1500,2000,12.8,87.2,2024-11-20 14:05
规硅开 冈磊榜格,,距埃 赫忽,1500,2000,12.6,87.4,2024-11-20 14:15
规硅开 冈磊榜格,,距埃 赫忽,1500,2000,12.8,87.2,2024-11-20 14:25
规硅开 冈磊榜格,,距埃 赫忽,1500,2000,11.3,88.7,2024-11-20 14:35
规硅开 冈磊榜格,,距埃 赫忽,1500,2000,12.2,87.8,2024-11-20 14:45
规硅开 冈磊榜格,,距埃 赫忽,1500,2000,11.1,88.9,2024-11-20 14:55
规硅开 冈磊榜格,,距埃 赫忽,1500,2000,13.2,86.8,2024-11-20 15:05
规硅开 冈磊榜格,,焊烹,1000,1500,14.1,85.9,2024-11-20 15:15
规硅开 冈磊榜格,,焊烹,1000,1500,12.6,87.4,2024-11-20 15:30
规硅开 冈磊榜格,,距埃 赫忽,1500,2000,13.3,86.7,2024-11-20 15:40
规硅开 冈磊榜格,,距埃 赫忽,1500,2000,13.5,86.5,2024-11-20 16:00
规硅开 冈磊榜格,,距埃 赫忽,1500,2000,12.9,87.1,2024-11-20 16:10
规硅开 冈磊榜格,,距埃 赫忽,1500,2000,13.5,86.5,2024-11-20 16:20
规硅开 冈磊榜格,,焊烹,1000,1500,14.7,85.3,2024-11-20 16:30
规硅开 冈磊榜格,,距埃 赫忽,1500,2000,11.9,88.1,2024-11-20 16:40
规硅开 冈磊榜格,,距埃 赫忽,1500,2000,13.2,86.8,2024-11-20 16:50
规硅开 冈磊榜格,,距埃 赫忽,1500,2000,13.8,86.2,2024-11-20 17:00
规硅开 冈磊榜格,,焊烹,1000,1500,13.7,86.3,2024-11-20 17:10
规硅开 冈磊榜格,,焊烹,1500,2000,12.5,87.5,2024-11-20 17:20
规硅开 冈磊榜格,,距埃 赫忽,1000,1500,13.2,86.8,2024-11-20 17:30
规硅开 冈磊榜格,,距埃 赫忽,1500,2000,11.3,88.7,2024-11-20 17:40
规硅开 冈磊榜格,,距埃 赫忽,1500,2000,12.1,87.9,2024-11-20 17:50
规硅开 冈磊榜格,,距埃 赫忽,1500,2000,10.9,89.1,2024-11-20 18:00
规硅开 冈磊榜格,,距埃 赫忽,1500,2000,5.5,94.5,2024-11-20 18:10
规硅开 冈磊榜格,,距埃 赫忽,1500,2000,5.4,94.6,2024-11-20 18:20
规硅开 冈磊榜格,,距埃 赫忽,1500,2000,5.5,94.5,2024-11-20 18:30
规硅开 冈磊榜格,,距埃 赫忽,1500,2000,5.6,94.4,2024-11-20 18:40
规硅开 冈磊榜格,,咯蜡,1000,1500,7.0,93.0,2024-11-20 19:05
规硅开 冈磊榜格,,咯蜡,1000,1500,6.5,93.5,2024-11-20 19:15
规硅开 冈磊榜格,,咯蜡,1000,1500,7.6,92.4,2024-11-20 19:25
规硅开 冈磊榜格,,咯蜡,1000,1500,7.5,92.5,2024-11-20 19:35
规硅开 冈磊榜格,,咯蜡,1000,1500,9.1,90.9,2024-11-20 19:45
规硅开 冈磊榜格,,咯蜡,1000,1500,9.2,90.8,2024-11-20 19:55
规硅开 冈磊榜格,,咯蜡,900,1000,10.5,89.5,2024-11-20 20:05
规硅开 冈磊榜格,,咯蜡,800,900,10.6,89.4,2024-11-20 20:15
规硅开 冈磊榜格,,咯蜡,800,900,11.9,88.1,2024-11-20 20:25
规硅开 冈磊榜格,,咯蜡,1000,1500,10.6,89.4,2024-11-20 20:35
规硅开 冈磊榜格,,咯蜡,900,1000,12.1,87.9,2024-11-20 20:45
规硅开 冈磊榜格,,咯蜡,900,1000,12.5,87.5,2024-11-20 20:55
规硅开 冈磊榜格,,咯蜡,1000,1500,12.1,87.9,2024-11-20 21:05
规硅开 冈磊榜格,,咯蜡,900,1000,12.5,87.5,2024-11-20 21:15
规硅开 冈磊榜格,,咯蜡,900,1000,14.6,85.4,2024-11-20 21:25
规硅开 冈磊榜格,,咯蜡,900,1000,14.8,85.2,2024-11-20 21:55
规硅开 冈磊榜格,,咯蜡,900,1000,15.4,84.6,2024-11-20 22:05
规硅开 冈磊榜格,,咯蜡,800,900,16.2,83.8,2024-11-20 22:15
规硅开 冈磊榜格,,咯蜡,600,700,20.9,79.1,2024-11-20 22:40
规硅开 冈磊榜格,,咯蜡,600,700,22.5,77.5,2024-11-20 22:50
规硅开 冈磊榜格,,咯蜡,500,600,24.8,75.2,2024-11-20 23:00
规硅开 冈磊榜格,,咯蜡,500,600,23.2,76.8,2024-11-20 23:10
规硅开 冈磊榜格,,咯蜡,400,500,29.9,70.1,2024-11-20 23:20
规硅开 冈磊榜格,,咯蜡,400,500,31.0,69.0,2024-11-20 23:30
规硅开 冈磊榜格,,咯蜡,400,500,31.3,68.7,2024-11-20 23:40
规硅开 冈磊榜格,,咯蜡,300,400,35.6,64.4,2024-11-20 23:50
规硅开 冈磊榜格,,咯蜡,300,400,37.5,62.5,2024-11-21 00:00
规硅开 冈磊榜格,,咯蜡,300,400,39.6,60.4,2024-11-21 00:10
规硅开 冈磊榜格,,咯蜡,300,400,46.1,53.9,2024-11-21 00:20
规硅开 冈磊榜格,,咯蜡,300,400,47.8,52.2,2024-11-21 00:30
规硅开 冈磊榜格,,咯蜡,300,400,46.7,53.3,2024-11-21 00:40
规硅开 冈磊榜格,,咯蜡,200,300,50.8,49.2,2024-11-21 00:50
规硅开 冈磊榜格,,咯蜡,200,300,55.7,44.3,2024-11-21 01:00
规硅开 冈磊榜格,,咯蜡,200,300,52.7,47.3,2024-11-21 01:10
规硅开 冈磊榜格,,咯蜡,200,300,51.2,48.8,2024-11-21 01:20
规硅开 冈磊榜格,,咯蜡,200,300,54.1,45.9,2024-11-21 01:30
规硅开 冈磊榜格,,咯蜡,200,300,54.2,45.8,2024-11-21 01:40
规硅开 冈磊榜格,,咯蜡,200,300,51.5,48.5,2024-11-21 01:50
规硅开 冈磊榜格,,咯蜡,200,300,53.2,46.8,2024-11-21 02:00
规硅开 冈磊榜格,,咯蜡,200,300,60.8,39.2,2024-11-21 02:25
规硅开 冈磊榜格,,咯蜡,200,300,56.3,43.7,2024-11-21 02:35
规硅开 冈磊榜格,,咯蜡,200,300,64.0,36.0,2024-11-21 02:45
规硅开 冈磊榜格,,咯蜡,200,300,62.2,37.8,2024-11-21 02:55
规硅开 冈磊榜格,,咯蜡,200,300,61.4,38.6,2024-11-21 03:05
规硅开 冈磊榜格,,咯蜡,200,300,66.2,33.8,2024-11-21 03:15
规硅开 冈磊榜格,,咯蜡,200,300,65.3,34.7,2024-11-21 03:25
规硅开 冈磊榜格,,咯蜡,200,300,70.7,29.3,2024-11-21 03:45
规硅开 冈磊榜格,,咯蜡,200,300,70.3,29.7,2024-11-21 03:55
规硅开 冈磊榜格,,咯蜡,200,300,72.3,27.7,2024-11-21 04:05
规硅开 冈磊榜格,,咯蜡,200,300,68.5,31.5,2024-11-21 04:15
规硅开 冈磊榜格,,咯蜡,200,300,63.9,36.1,2024-11-21 04:25
规硅开 冈磊榜格,,咯蜡,200,300,66.0,34.0,2024-11-21 04:45
规硅开 冈磊榜格,,咯蜡,200,300,67.4,32.6,2024-11-21 04:55
规硅开 冈磊榜格,,咯蜡,200,300,67.4,32.6,2024-11-21 05:05
规硅开 冈磊榜格,,咯蜡,200,300,63.0,37.0,2024-11-21 05:15
规硅开 冈磊榜格,,咯蜡,200,300,61.8,38.2,2024-11-21 05:25
规硅开 冈磊榜格,,咯蜡,200,300,61.3,38.7,2024-11-21 05:35
规硅开 冈磊榜格,,咯蜡,200,300,54.9,45.1,2024-11-21 05:45
规硅开 冈磊榜格,,咯蜡,200,300,48.9,51.1,2024-11-21 05:55
规硅开 冈磊榜格,,咯蜡,300,400,46.5,53.5,2024-11-21 06:20
规硅开 冈磊榜格,,咯蜡,300,400,43.6,56.4,2024-11-21 06:30
规硅开 冈磊榜格,,咯蜡,300,400,41.3,58.7,2024-11-21 06:40
规硅开 冈磊榜格,,咯蜡,300,400,36.0,64.0,2024-11-21 06:50
规硅开 冈磊榜格,,咯蜡,300,400,34.8,65.2,2024-11-21 07:00
规硅开 冈磊榜格,,咯蜡,400,500,14.6,85.4,2024-11-21 07:10
规硅开 冈磊榜格,,咯蜡,400,500,14.4,85.6,2024-11-21 07:20
规硅开 冈磊榜格,,咯蜡,600,700,11.4,88.6,2024-11-21 07:30
规硅开 冈磊榜格,,咯蜡,600,700,10.4,89.6,2024-11-21 07:40
规硅开 冈磊榜格,,咯蜡,700,800,9.8,90.2,2024-11-21 07:50
规硅开 冈磊榜格,,咯蜡,600,700,10.5,89.5,2024-11-21 08:00
规硅开 冈磊榜格,,咯蜡,800,900,10.0,90.0,2024-11-21 08:10
规硅开 冈磊榜格,,咯蜡,900,1000,9.7,90.3,2024-11-21 08:20
规硅开 冈磊榜格,,咯蜡,1000,1500,8.4,91.6,2024-11-21 08:40
规硅开 冈磊榜格,,焊烹,1000,1500,10.0,90.0,2024-11-21 08:50
规硅开 冈磊榜格,,咯蜡,1000,1500,11.6,88.4,2024-11-21 09:00
规硅开 冈磊榜格,,咯蜡,1000,1500,14.9,85.1,2024-11-21 09:10
规硅开 冈磊榜格,,咯蜡,1000,1500,14.4,85.6,2024-11-21 09:20
规硅开 冈磊榜格,,咯蜡,1000,1500,16.8,83.2,2024-11-21 09:30
规硅开 冈磊榜格,,咯蜡,1000,1500,15.8,84.2,2024-11-21 09:45
规硅开 冈磊榜格,,咯蜡,1000,1500,17.4,82.6,2024-11-21 10:05
规硅开 冈磊榜格,,咯蜡,1000,1500,18.2,81.8,2024-11-21 10:15
规硅开 冈磊榜格,,咯蜡,1000,1500,17.7,82.3,2024-11-21 10:25
规硅开 冈磊榜格,,咯蜡,1000,1500,16.8,83.2,2024-11-21 10:35
规硅开 冈磊榜格,,咯蜡,1000,1500,14.1,85.9,2024-11-21 10:45
规硅开 冈磊榜格,,咯蜡,1000,1500,16.6,83.4,2024-11-21 11:05
规硅开 冈磊榜格,,咯蜡,1000,1500,16.4,83.6,2024-11-21 11:15
规硅开 冈磊榜格,,咯蜡,1000,1500,17.3,82.7,2024-11-21 11:25
规硅开 冈磊榜格,,咯蜡,1000,1500,13.8,86.2,2024-11-21 11:35
规硅开 冈磊榜格,,距埃 赫忽,1500,2000,11.7,88.3,2024-11-21 11:45
规硅开 冈磊榜格,,距埃 赫忽,1500,2000,11.0,89.0,2024-11-21 11:55
规硅开 冈磊榜格,,距埃 赫忽,1500,2000,11.3,88.7,2024-11-21 12:05
规硅开 冈磊榜格,,距埃 赫忽,1500,2000,10.7,89.3,2024-11-21 12:15
规硅开 冈磊榜格,,距埃 赫忽,1500,2000,11.1,88.9,2024-11-21 12:25
规硅开 冈磊榜格,,距埃 赫忽,1500,2000,11.0,89.0,2024-11-21 12:35
规硅开 冈磊榜格,,距埃 赫忽,1500,2000,10.7,89.3,2024-11-21 12:45
规硅开 冈磊榜格,,距埃 赫忽,1500,2000,12.6,87.4,2024-11-21 12:55
规硅开 冈磊榜格,,焊烹,1000,1500,13.9,86.1,2024-11-21 13:15
规硅开 冈磊榜格,,焊烹,1000,1500,13.6,86.4,2024-11-21 13:25
规硅开 冈磊榜格,,焊烹,1000,1500,15.8,84.2,2024-11-21 13:40
规硅开 冈磊榜格,,焊烹,1000,1500,16.0,84.0,2024-11-21 13:50
规硅开 冈磊榜格,,焊烹,1000,1500,15.8,84.2,2024-11-21 14:00
规硅开 冈磊榜格,,焊烹,1000,1500,15.7,84.3,2024-11-21 14:10
规硅开 冈磊榜格,,焊烹,1000,1500,14.4,85.6,2024-11-21 14:20
规硅开 冈磊榜格,,焊烹,1000,1500,14.2,85.8,2024-11-21 14:30
规硅开 冈磊榜格,,距埃 赫忽,1500,2000,13.5,86.5,2024-11-21 14:40
规硅开 冈磊榜格,,距埃 赫忽,1500,2000,13.0,87.0,2024-11-21 14:50
规硅开 冈磊榜格,,距埃 赫忽,1500,2000,13.8,86.2,2024-11-21 15:10
规硅开 冈磊榜格,,焊烹,1000,1500,14.0,86.0,2024-11-21 15:30
规硅开 冈磊榜格,,焊烹,1000,1500,13.6,86.4,2024-11-21 15:40
规硅开 冈磊榜格,,距埃 赫忽,1500,2000,13.3,86.7,2024-11-21 15:50
规硅开 冈磊榜格,,距埃 赫忽,1500,2000,13.3,86.7,2024-11-21 16:00
规硅开 冈磊榜格,,咯蜡,1000,1500,15.8,84.2,2024-11-21 16:10
规硅开 冈磊榜格,,焊烹,1000,1500,13.1,86.9,2024-11-21 16:20
规硅开 冈磊榜格,,距埃 赫忽,1500,2000,13.1,86.9,2024-11-21 16:40
规硅开 冈磊榜格,,距埃 赫忽,1500,2000,12.5,87.5,2024-11-21 16:50
规硅开 冈磊榜格,,距埃 赫忽,1500,2000,12.1,87.9,2024-11-21 17:15
规硅开 冈磊榜格,,距埃 赫忽,1500,2000,12.7,87.3,2024-11-21 17:25
规硅开 冈磊榜格,,距埃 赫忽,1500,2000,11.9,88.1,2024-11-21 17:35
规硅开 冈磊榜格,,距埃 赫忽,1500,2000,11.8,88.2,2024-11-21 17:45
规硅开 冈磊榜格,,距埃 赫忽,1500,2000,11.7,88.3,2024-11-21 17:55
规硅开 冈磊榜格,,距埃 赫忽,1500,2000,8.7,91.3,2024-11-21 18:05
规硅开 冈磊榜格,,距埃 赫忽,1500,2000,5.3,94.7,2024-11-21 18:15
规硅开 冈磊榜格,,距埃 赫忽,1500,2000,5.6,94.4,2024-11-21 18:45
规硅开 冈磊榜格,,距埃 赫忽,1500,2000,6.0,94.0,2024-11-21 18:55
规硅开 冈磊榜格,,距埃 赫忽,1500,2000,6.5,93.5,2024-11-21 19:05
规硅开 冈磊榜格,,距埃 赫忽,1500,2000,7.0,93.0,2024-11-21 19:15
规硅开 冈磊榜格,,距埃 赫忽,1500,2000,6.7,93.3,2024-11-21 19:25
规硅开 冈磊榜格,,焊烹,1000,1500,6.8,93.2,2024-11-21 19:35
规硅开 冈磊榜格,,焊烹,1000,1500,7.1,92.9,2024-11-21 19:45
规硅开 冈磊榜格,,咯蜡,1000,1500,8.1,91.9,2024-11-21 19:55
规硅开 冈磊榜格,,咯蜡,1000,1500,8.5,91.5,2024-11-21 20:05
规硅开 冈磊榜格,,咯蜡,1000,1500,8.6,91.4,2024-11-21 20:15
规硅开 冈磊榜格,,咯蜡,1000,1500,9.0,91.0,2024-11-21 20:25
规硅开 冈磊榜格,,咯蜡,1000,1500,9.7,90.3,2024-11-21 20:45
规硅开 冈磊榜格,,咯蜡,1000,1500,11.6,88.4,2024-11-21 21:10
规硅开 冈磊榜格,,咯蜡,900,1000,13.2,86.8,2024-11-21 21:20
规硅开 冈磊榜格,,咯蜡,900,1000,13.1,86.9,2024-11-21 21:30
规硅开 冈磊榜格,,咯蜡,900,1000,12.9,87.1,2024-11-21 21:40
规硅开 冈磊榜格,,咯蜡,800,900,15.2,84.8,2024-11-21 21:50
规硅开 冈磊榜格,,咯蜡,900,1000,14.9,85.1,2024-11-21 22:00
规硅开 冈磊榜格,,咯蜡,800,900,15.4,84.6,2024-11-21 22:10
规硅开 冈磊榜格,,咯蜡,900,1000,15.7,84.3,2024-11-21 22:20
规硅开 冈磊榜格,,咯蜡,700,800,17.9,82.1,2024-11-21 22:30
规硅开 冈磊榜格,,咯蜡,600,700,21.8,78.2,2024-11-21 22:40
规硅开 冈磊榜格,,咯蜡,600,700,20.1,79.9,2024-11-21 22:50
规硅开 冈磊榜格,,咯蜡,500,600,23.7,76.3,2024-11-21 23:10
规硅开 冈磊榜格,,咯蜡,500,600,28.7,71.3,2024-11-21 23:20
规硅开 冈磊榜格,,咯蜡,400,500,29.2,70.8,2024-11-21 23:30
规硅开 冈磊榜格,,咯蜡,400,500,28.9,71.1,2024-11-21 23:40
规硅开 冈磊榜格,,咯蜡,400,500,31.7,68.3,2024-11-21 23:50
规硅开 冈磊榜格,,咯蜡,300,400,34.1,65.9,2024-11-22 00:00
规硅开 冈磊榜格,,咯蜡,300,400,35.1,64.9,2024-11-22 00:10
规硅开 冈磊榜格,,咯蜡,300,400,36.6,63.4,2024-11-22 00:20
规硅开 冈磊榜格,,咯蜡,300,400,39.6,60.4,2024-11-22 00:30
规硅开 冈磊榜格,,咯蜡,200,300,48.0,52.0,2024-11-22 01:05
规硅开 冈磊榜格,,咯蜡,200,300,46.9,53.1,2024-11-22 01:15
规硅开 冈磊榜格,,咯蜡,200,300,48.2,51.8,2024-11-22 01:25
规硅开 冈磊榜格,,咯蜡,200,300,47.1,52.9,2024-11-22 01:35
规硅开 冈磊榜格,,咯蜡,200,300,49.9,50.1,2024-11-22 01:45
规硅开 冈磊榜格,,咯蜡,300,400,49.8,50.2,2024-11-22 01:55
规硅开 冈磊榜格,,咯蜡,200,300,52.3,47.7,2024-11-22 02:05
规硅开 冈磊榜格,,咯蜡,200,300,56.4,43.6,2024-11-22 02:25
规硅开 冈磊榜格,,咯蜡,200,300,56.5,43.5,2024-11-22 02:35
规硅开 冈磊榜格,,咯蜡,200,300,63.5,36.5,2024-11-22 02:45
规硅开 冈磊榜格,,咯蜡,200,300,62.0,38.0,2024-11-22 02:55
规硅开 冈磊榜格,,咯蜡,200,300,62.1,37.9,2024-11-22 03:15
规硅开 冈磊榜格,,咯蜡,200,300,69.0,31.0,2024-11-22 03:25
规硅开 冈磊榜格,,咯蜡,200,300,63.5,36.5,2024-11-22 03:35
规硅开 冈磊榜格,,咯蜡,200,300,62.6,37.4,2024-11-22 03:45
规硅开 冈磊榜格,,咯蜡,200,300,67.3,32.7,2024-11-22 03:55
规硅开 冈磊榜格,,咯蜡,200,300,66.6,33.4,2024-11-22 04:05
规硅开 冈磊榜格,,咯蜡,200,300,63.8,36.2,2024-11-22 04:15
规硅开 冈磊榜格,,咯蜡,200,300,67.9,32.1,2024-11-22 04:30
规硅开 冈磊榜格,,咯蜡,200,300,65.6,34.4,2024-11-22 04:40
规硅开 冈磊榜格,,咯蜡,200,300,68.1,31.9,2024-11-22 04:50
规硅开 冈磊榜格,,咯蜡,200,300,63.5,36.5,2024-11-22 05:00
规硅开 冈磊榜格,,咯蜡,200,300,63.6,36.4,2024-11-22 05:10
规硅开 冈磊榜格,,咯蜡,200,300,59.9,40.1,2024-11-22 05:20
规硅开 冈磊榜格,,咯蜡,200,300,59.6,40.4,2024-11-22 05:30
规硅开 冈磊榜格,,咯蜡,200,300,55.6,44.4,2024-11-22 05:40
规硅开 冈磊榜格,,咯蜡,200,300,55.4,44.6,2024-11-22 05:50
规硅开 冈磊榜格,,咯蜡,200,300,45.8,54.2,2024-11-22 06:10
规硅开 冈磊榜格,,咯蜡,200,300,44.5,55.5,2024-11-22 06:20
规硅开 冈磊榜格,,咯蜡,300,400,41.7,58.3,2024-11-22 06:30
规硅开 冈磊榜格,,咯蜡,300,400,40.3,59.7,2024-11-22 06:40
规硅开 冈磊榜格,,咯蜡,300,400,37.3,62.7,2024-11-22 06:50
规硅开 冈磊榜格,,咯蜡,400,500,32.4,67.6,2024-11-22 07:00
规硅开 冈磊榜格,,咯蜡,400,500,17.1,82.9,2024-11-22 07:10
规硅开 冈磊榜格,,咯蜡,400,500,14.6,85.4,2024-11-22 07:20
规硅开 冈磊榜格,,咯蜡,500,600,13.9,86.1,2024-11-22 07:30
规硅开 冈磊榜格,,咯蜡,700,800,12.4,87.6,2024-11-22 07:40
规硅开 冈磊榜格,,咯蜡,700,800,11.5,88.5,2024-11-22 07:55
规硅开 冈磊榜格,,咯蜡,900,1000,9.1,90.9,2024-11-22 08:05
规硅开 冈磊榜格,,咯蜡,800,900,11.0,89.0,2024-11-22 08:15
规硅开 冈磊榜格,,咯蜡,1000,1500,9.5,90.5,2024-11-22 08:25
规硅开 冈磊榜格,,咯蜡,1000,1500,10.8,89.2,2024-11-22 08:45
规硅开 冈磊榜格,,咯蜡,900,1000,16.7,83.3,2024-11-22 09:05
规硅开 冈磊榜格,,咯蜡,1000,1500,16.0,84.0,2024-11-22 09:15
规硅开 冈磊榜格,,咯蜡,1000,1500,16.8,83.2,2024-11-22 09:25
规硅开 冈磊榜格,,咯蜡,1000,1500,16.1,83.9,2024-11-22 09:35
规硅开 冈磊榜格,,咯蜡,1000,1500,16.7,83.3,2024-11-22 09:45
规硅开 冈磊榜格,,咯蜡,1000,1500,18.2,81.8,2024-11-22 09:55
规硅开 冈磊榜格,,咯蜡,1000,1500,18.2,81.8,2024-11-22 10:15
规硅开 冈磊榜格,,咯蜡,1000,1500,20.4,79.6,2024-11-22 10:25
规硅开 冈磊榜格,,咯蜡,1000,1500,19.8,80.2,2024-11-22 10:35
规硅开 冈磊榜格,,咯蜡,1000,1500,15.6,84.4,2024-11-22 10:45
规硅开 冈磊榜格,,咯蜡,1000,1500,17.7,82.3,2024-11-22 10:55
规硅开 冈磊榜格,,咯蜡,1000,1500,17.7,82.3,2024-11-22 11:00
规硅开 冈磊榜格,,咯蜡,1000,1500,16.4,83.6,2024-11-22 11:15
规硅开 冈磊榜格,,咯蜡,1000,1500,16.1,83.9,2024-11-22 11:25
规硅开 冈磊榜格,,咯蜡,1000,1500,14.3,85.7,2024-11-22 11:35
规硅开 冈磊榜格,,咯蜡,1000,1500,14.3,85.7,2024-11-22 11:35
规硅开 冈磊榜格,,咯蜡,1000,1500,14.3,85.7,2024-11-22 11:35
规硅开 冈磊榜格,,咯蜡,1000,1500,14.3,85.7,2024-11-22 11:35
规硅开 冈磊榜格,,咯蜡,1000,1500,14.3,85.7,2024-11-22 11:35
规硅开 冈磊榜格,,咯蜡,1000,1500,14.3,85.7,2024-11-22 11:35
规硅开 冈磊榜格,,咯蜡,1000,1500,14.3,85.7,2024-11-22 11:35
规硅开 冈磊榜格,,咯蜡,1000,1500,14.3,85.7,2024-11-22 11:35
规硅开 冈磊榜格,,咯蜡,1000,1500,14.3,85.7,2024-11-22 11:35
规硅开 冈磊榜格,,咯蜡,1000,1500,14.3,85.7,2024-11-22 11:35
规硅开 冈磊榜格,,咯蜡,1000,1500,14.3,85.7,2024-11-22 11:35
规硅开 冈磊榜格,,咯蜡,1000,1500,14.3,85.7,2024-11-22 11:35
规硅开 冈磊榜格,,咯蜡,1000,1500,14.3,85.7,2024-11-22 11:35
规硅开 冈磊榜格,,咯蜡,1000,1500,14.3,85.7,2024-11-22 11:35
规硅开 冈磊榜格,,咯蜡,1000,1500,14.3,85.7,2024-11-22 11:35
规硅开 冈磊榜格,,咯蜡,1000,1500,14.3,85.7,2024-11-22 11:35
规硅开 冈磊榜格,,咯蜡,1000,1500,14.3,85.7,2024-11-22 11:35
规硅开 冈磊榜格,,咯蜡,1000,1500,14.3,85.7,2024-11-22 11:35
规硅开 冈磊榜格,,咯蜡,1000,1500,14.3,85.7,2024-11-22 11:35
规硅开 冈磊榜格,,咯蜡,1000,1500,14.3,85.7,2024-11-22 11:35
规硅开 冈磊榜格,,咯蜡,1000,1500,14.3,85.7,2024-11-22 11:35
规硅开 冈磊榜格,,咯蜡,1000,1500,14.3,85.7,2024-11-22 11:35
规硅开 冈磊榜格,,咯蜡,1000,1500,14.3,85.7,2024-11-22 11:35
规硅开 冈磊榜格,,咯蜡,1000,1500,14.3,85.7,2024-11-22 11:35
规硅开 冈磊榜格,,咯蜡,1000,1500,14.3,85.7,2024-11-22 11:35
规硅开 冈磊榜格,,咯蜡,1000,1500,14.3,85.7,2024-11-22 11:35
规硅开 冈磊榜格,,咯蜡,1000,1500,14.3,85.7,2024-11-22 11:35
规硅开 冈磊榜格,,咯蜡,1000,1500,14.3,85.7,2024-11-22 11:35
规硅开 冈磊榜格,,咯蜡,1000,1500,14.3,85.7,2024-11-22 11:35
规硅开 冈磊榜格,,咯蜡,1000,1500,14.3,85.7,2024-11-22 11:35
规硅开 冈磊榜格,,咯蜡,1000,1500,14.3,85.7,2024-11-22 11:35
规硅开 冈磊榜格,,咯蜡,1000,1500,14.3,85.7,2024-11-22 11:35
规硅开 冈磊榜格,,咯蜡,1000,1500,14.3,85.7,2024-11-22 11:35
规硅开 冈磊榜格,,咯蜡,1000,1500,11.5,88.5,2024-11-22 17:45
规硅开 冈磊榜格,,距埃 赫忽,1500,2000,12.3,87.7,2024-11-22 17:55
规硅开 冈磊榜格,,距埃 赫忽,1500,2000,9.8,90.2,2024-11-22 18:05
规硅开 冈磊榜格,,距埃 赫忽,1500,2000,5.2,94.8,2024-11-22 18:15
规硅开 冈磊榜格,,咯蜡,1000,1500,7.0,93.0,2024-11-22 18:35
规硅开 冈磊榜格,,咯蜡,1000,1500,6.4,93.6,2024-11-22 18:45
规硅开 冈磊榜格,,咯蜡,1000,1500,8.1,91.9,2024-11-22 18:55
规硅开 冈磊榜格,,咯蜡,1000,1500,7.8,92.2,2024-11-22 19:05
规硅开 冈磊榜格,,咯蜡,1000,1500,8.5,91.5,2024-11-22 19:15
规硅开 冈磊榜格,,咯蜡,1000,1500,9.5,90.5,2024-11-22 19:40
规硅开 冈磊榜格,,咯蜡,1000,1500,9.6,90.4,2024-11-22 19:50
规硅开 冈磊榜格,,咯蜡,1000,1500,8.8,91.2,2024-11-22 20:00
规硅开 冈磊榜格,,咯蜡,900,1000,10.2,89.8,2024-11-22 20:10
规硅开 冈磊榜格,,咯蜡,900,1000,11.2,88.8,2024-11-22 20:20
规硅开 冈磊榜格,,咯蜡,900,1000,11.5,88.5,2024-11-22 20:30
规硅开 冈磊榜格,,咯蜡,900,1000,12.0,88.0,2024-11-22 20:40
规硅开 冈磊榜格,,咯蜡,1000,1500,10.8,89.2,2024-11-22 21:00
规硅开 冈磊榜格,,咯蜡,800,900,12.7,87.3,2024-11-22 21:10
规硅开 冈磊榜格,,咯蜡,800,900,13.5,86.5,2024-11-22 21:20
规硅开 冈磊榜格,,咯蜡,800,900,14.3,85.7,2024-11-22 21:30
规硅开 冈磊榜格,,咯蜡,800,900,13.2,86.8,2024-11-22 21:40
规硅开 冈磊榜格,,咯蜡,700,800,14.8,85.2,2024-11-22 21:50
规硅开 冈磊榜格,,咯蜡,1000,1500,12.6,87.4,2024-11-22 22:00
规硅开 冈磊榜格,,咯蜡,700,800,15.7,84.3,2024-11-22 22:10
规硅开 冈磊榜格,,咯蜡,700,800,17.0,83.0,2024-11-22 22:20
规硅开 冈磊榜格,,咯蜡,700,800,17.0,83.0,2024-11-22 22:30
规硅开 冈磊榜格,,咯蜡,500,600,22.5,77.5,2024-11-22 22:55
规硅开 冈磊榜格,,咯蜡,500,600,23.8,76.2,2024-11-22 23:05
规硅开 冈磊榜格,,咯蜡,400,500,26.2,73.8,2024-11-22 23:15
规硅开 冈磊榜格,,咯蜡,400,500,28.1,71.9,2024-11-22 23:25
规硅开 冈磊榜格,,咯蜡,400,500,29.1,70.9,2024-11-22 23:35
规硅开 冈磊榜格,,咯蜡,300,400,33.4,66.6,2024-11-22 23:45
规硅开 冈磊榜格,,咯蜡,300,400,35.7,64.3,2024-11-23 00:05
规硅开 冈磊榜格,,咯蜡,300,400,41.7,58.3,2024-11-23 00:15
规硅开 冈磊榜格,,咯蜡,300,400,38.9,61.1,2024-11-23 00:25
规硅开 冈磊榜格,,咯蜡,200,300,41.4,58.6,2024-11-23 00:35
规硅开 冈磊榜格,,咯蜡,300,400,44.2,55.8,2024-11-23 00:45
规硅开 冈磊榜格,,咯蜡,200,300,51.5,48.5,2024-11-23 01:05
规硅开 冈磊榜格,,咯蜡,200,300,50.4,49.6,2024-11-23 01:15
规硅开 冈磊榜格,,咯蜡,200,300,50.1,49.9,2024-11-23 01:25
规硅开 冈磊榜格,,咯蜡,200,300,50.4,49.6,2024-11-23 01:35
规硅开 冈磊榜格,,咯蜡,200,300,56.8,43.2,2024-11-23 01:45
规硅开 冈磊榜格,,咯蜡,200,300,53.6,46.4,2024-11-23 01:55
规硅开 冈磊榜格,,咯蜡,200,300,51.4,48.6,2024-11-23 02:05
规硅开 冈磊榜格,,咯蜡,200,300,51.6,48.4,2024-11-23 02:15
规硅开 冈磊榜格,,咯蜡,200,300,58.4,41.6,2024-11-23 02:30
规硅开 冈磊榜格,,咯蜡,200,300,55.5,44.5,2024-11-23 02:40
规硅开 冈磊榜格,,咯蜡,200,300,54.6,45.4,2024-11-23 02:50
规硅开 冈磊榜格,,咯蜡,200,300,55.1,44.9,2024-11-23 03:00
规硅开 冈磊榜格,,咯蜡,200,300,59.5,40.5,2024-11-23 03:10
规硅开 冈磊榜格,,咯蜡,200,300,56.2,43.8,2024-11-23 03:30
规硅开 冈磊榜格,,咯蜡,200,300,59.9,40.1,2024-11-23 03:40
规硅开 冈磊榜格,,咯蜡,200,300,62.0,38.0,2024-11-23 03:50
规硅开 冈磊榜格,,咯蜡,200,300,61.6,38.4,2024-11-23 04:00
规硅开 冈磊榜格,,咯蜡,200,300,61.7,38.3,2024-11-23 04:10
规硅开 冈磊榜格,,咯蜡,200,300,60.4,39.6,2024-11-23 04:20
规硅开 冈磊榜格,,咯蜡,200,300,66.6,33.4,2024-11-23 04:30
规硅开 冈磊榜格,,咯蜡,200,300,60.0,40.0,2024-11-23 04:40
规硅开 冈磊榜格,,咯蜡,200,300,59.6,40.4,2024-11-23 04:50
规硅开 冈磊榜格,,咯蜡,200,300,59.2,40.8,2024-11-23 05:00
规硅开 冈磊榜格,,咯蜡,200,300,55.1,44.9,2024-11-23 05:10
规硅开 冈磊榜格,,咯蜡,200,300,55.8,44.2,2024-11-23 05:30
规硅开 冈磊榜格,,咯蜡,200,300,45.8,54.2,2024-11-23 05:55
规硅开 冈磊榜格,,咯蜡,200,300,49.4,50.6,2024-11-23 06:05
规硅开 冈磊榜格,,咯蜡,200,300,47.6,52.4,2024-11-23 06:15
规硅开 冈磊榜格,,咯蜡,200,300,46.0,54.0,2024-11-23 06:25
规硅开 冈磊榜格,,咯蜡,300,400,40.7,59.3,2024-11-23 06:45
规硅开 冈磊榜格,,咯蜡,200,300,39.0,61.0,2024-11-23 06:55
规硅开 冈磊榜格,,咯蜡,300,400,24.2,75.8,2024-11-23 07:05
规硅开 冈磊榜格,,咯蜡,200,300,19.3,80.7,2024-11-23 07:15
规硅开 冈磊榜格,,咯蜡,200,300,19.2,80.8,2024-11-23 07:25
规硅开 冈磊榜格,,咯蜡,300,400,16.2,83.8,2024-11-23 07:45
规硅开 冈磊榜格,,咯蜡,300,400,16.3,83.7,2024-11-23 07:55
规硅开 冈磊榜格,,咯蜡,300,400,17.5,82.5,2024-11-23 08:05
规硅开 冈磊榜格,,咯蜡,400,500,16.4,83.6,2024-11-23 08:15
规硅开 冈磊榜格,,咯蜡,400,500,16.6,83.4,2024-11-23 08:25
规硅开 冈磊榜格,,咯蜡,400,500,14.7,85.3,2024-11-23 08:35
规硅开 冈磊榜格,,咯蜡,500,600,14.9,85.1,2024-11-23 08:45
规硅开 冈磊榜格,,咯蜡,600,700,15.4,84.6,2024-11-23 09:05
规硅开 冈磊榜格,,咯蜡,600,700,15.3,84.7,2024-11-23 09:15
规硅开 冈磊榜格,,咯蜡,700,800,15.2,84.8,2024-11-23 09:40
规硅开 冈磊榜格,,咯蜡,700,800,13.2,86.8,2024-11-23 09:50
规硅开 冈磊榜格,,咯蜡,800,900,13.5,86.5,2024-11-23 10:00
规硅开 冈磊榜格,,咯蜡,800,900,13.4,86.6,2024-11-23 10:10
规硅开 冈磊榜格,,咯蜡,800,900,15.2,84.8,2024-11-23 10:20
规硅开 冈磊榜格,,咯蜡,800,900,13.2,86.8,2024-11-23 10:50
规硅开 冈磊榜格,,咯蜡,900,1000,13.0,87.0,2024-11-23 11:10
规硅开 冈磊榜格,,咯蜡,900,1000,12.3,87.7,2024-11-23 11:20
规硅开 冈磊榜格,,咯蜡,900,1000,12.8,87.2,2024-11-23 11:30
规硅开 冈磊榜格,,咯蜡,900,1000,11.8,88.2,2024-11-23 11:40
规硅开 冈磊榜格,,咯蜡,1000,1500,11.5,88.5,2024-11-23 11:50
规硅开 冈磊榜格,,咯蜡,1000,1500,11.5,88.5,2024-11-23 12:00
规硅开 冈磊榜格,,咯蜡,1000,1500,10.8,89.2,2024-11-23 12:10
规硅开 冈磊榜格,,咯蜡,1000,1500,11.3,88.7,2024-11-23 12:20
规硅开 冈磊榜格,,咯蜡,1000,1500,11.5,88.5,2024-11-23 12:30
规硅开 冈磊榜格,,咯蜡,1000,1500,11.7,88.3,2024-11-23 12:40
规硅开 冈磊榜格,,咯蜡,1000,1500,10.6,89.4,2024-11-23 12:50
规硅开 冈磊榜格,,咯蜡,1000,1500,10.0,90.0,2024-11-23 13:00
规硅开 冈磊榜格,,咯蜡,1000,1500,10.1,89.9,2024-11-23 13:20
规硅开 冈磊榜格,,咯蜡,1000,1500,9.7,90.3,2024-11-23 13:35
规硅开 冈磊榜格,,咯蜡,1000,1500,10.1,89.9,2024-11-23 13:45
规硅开 冈磊榜格,,咯蜡,1000,1500,11.4,88.6,2024-11-23 13:55
规硅开 冈磊榜格,,咯蜡,1000,1500,10.3,89.7,2024-11-23 14:05
规硅开 冈磊榜格,,咯蜡,1000,1500,10.2,89.8,2024-11-23 14:15
规硅开 冈磊榜格,,咯蜡,1000,1500,11.6,88.4,2024-11-23 14:25
规硅开 冈磊榜格,,咯蜡,1000,1500,11.3,88.7,2024-11-23 14:35
规硅开 冈磊榜格,,咯蜡,1000,1500,10.8,89.2,2024-11-23 14:45
规硅开 冈磊榜格,,咯蜡,1000,1500,10.2,89.8,2024-11-23 14:55
规硅开 冈磊榜格,,咯蜡,1000,1500,11.2,88.8,2024-11-23 15:05
规硅开 冈磊榜格,,咯蜡,1000,1500,10.0,90.0,2024-11-23 15:35
规硅开 冈磊榜格,,咯蜡,900,1000,11.3,88.7,2024-11-23 15:55
规硅开 冈磊榜格,,咯蜡,1000,1500,9.7,90.3,2024-11-23 16:05
规硅开 冈磊榜格,,咯蜡,1000,1500,10.0,90.0,2024-11-23 16:15
规硅开 冈磊榜格,,咯蜡,1000,1500,10.4,89.6,2024-11-23 16:25
规硅开 冈磊榜格,,咯蜡,900,1000,11.4,88.6,2024-11-23 16:35
规硅开 冈磊榜格,,咯蜡,900,1000,11.4,88.6,2024-11-23 16:45
规硅开 冈磊榜格,,咯蜡,1000,1500,9.0,91.0,2024-11-23 16:55
规硅开 冈磊榜格,,咯蜡,1000,1500,9.7,90.3,2024-11-23 17:05
规硅开 冈磊榜格,,咯蜡,1000,1500,9.3,90.7,2024-11-23 17:15
规硅开 冈磊榜格,,咯蜡,900,1000,9.2,90.8,2024-11-23 17:35
规硅开 冈磊榜格,,咯蜡,900,1000,8.6,91.4,2024-11-23 17:50
规硅开 冈磊榜格,,咯蜡,1000,1500,8.9,91.1,2024-11-23 18:00
规硅开 冈磊榜格,,咯蜡,900,1000,7.5,92.5,2024-11-23 18:10
规硅开 冈磊榜格,,咯蜡,1000,1500,9.3,90.7,2024-11-23 18:20
规硅开 冈磊榜格,,咯蜡,900,1000,8.8,91.2,2024-11-23 18:30
规硅开 冈磊榜格,,咯蜡,800,900,10.4,89.6,2024-11-23 18:40
规硅开 冈磊榜格,,咯蜡,900,1000,9.4,90.6,2024-11-23 18:50
规硅开 冈磊榜格,,咯蜡,800,900,10.6,89.4,2024-11-23 19:00
规硅开 冈磊榜格,,咯蜡,800,900,9.4,90.6,2024-11-23 19:10
规硅开 冈磊榜格,,咯蜡,800,900,10.8,89.2,2024-11-23 19:20
规硅开 冈磊榜格,,咯蜡,800,900,10.0,90.0,2024-11-23 19:30
规硅开 冈磊榜格,,咯蜡,700,800,10.7,89.3,2024-11-23 19:40
规硅开 冈磊榜格,,咯蜡,700,800,11.1,88.9,2024-11-23 19:50
规硅开 冈磊榜格,,咯蜡,700,800,12.0,88.0,2024-11-23 20:00
规硅开 冈磊榜格,,咯蜡,800,900,11.6,88.4,2024-11-23 20:10
规硅开 冈磊榜格,,咯蜡,700,800,13.6,86.4,2024-11-23 20:20
规硅开 冈磊榜格,,咯蜡,700,800,13.2,86.8,2024-11-23 20:30
规硅开 冈磊榜格,,咯蜡,600,700,14.4,85.6,2024-11-23 20:40
规硅开 冈磊榜格,,咯蜡,700,800,15.1,84.9,2024-11-23 20:50
规硅开 冈磊榜格,,咯蜡,700,800,14.6,85.4,2024-11-23 21:00
规硅开 冈磊榜格,,咯蜡,600,700,15.8,84.2,2024-11-23 21:10
规硅开 冈磊榜格,,咯蜡,700,800,14.3,85.7,2024-11-23 21:20
规硅开 冈磊榜格,,咯蜡,600,700,17.6,82.4,2024-11-23 21:45
规硅开 冈磊榜格,,咯蜡,500,600,24.2,75.8,2024-11-23 21:55
规硅开 冈磊榜格,,咯蜡,400,500,25.4,74.6,2024-11-23 22:05
规硅开 冈磊榜格,,咯蜡,400,500,26.7,73.3,2024-11-23 22:15
规硅开 冈磊榜格,,咯蜡,500,600,23.7,76.3,2024-11-23 22:25
规硅开 冈磊榜格,,咯蜡,400,500,31.1,68.9,2024-11-23 22:35
规硅开 冈磊榜格,,咯蜡,400,500,22.0,78.0,2024-11-23 22:45
规硅开 冈磊榜格,,咯蜡,300,400,36.9,63.1,2024-11-23 23:05
规硅开 冈磊榜格,,咯蜡,300,400,36.0,64.0,2024-11-23 23:15
规硅开 冈磊榜格,,咯蜡,300,400,34.5,65.5,2024-11-23 23:25
规硅开 冈磊榜格,,咯蜡,300,400,37.7,62.3,2024-11-23 23:45
规硅开 冈磊榜格,,咯蜡,300,400,34.6,65.4,2024-11-23 23:55
规硅开 冈磊榜格,,咯蜡,200,300,43.6,56.4,2024-11-24 00:05
规硅开 冈磊榜格,,咯蜡,200,300,42.8,57.2,2024-11-24 00:15
规硅开 冈磊榜格,,咯蜡,200,300,41.6,58.4,2024-11-24 00:25
规硅开 冈磊榜格,,咯蜡,200,300,45.6,54.4,2024-11-24 00:35
规硅开 冈磊榜格,,咯蜡,200,300,47.3,52.7,2024-11-24 00:45
规硅开 冈磊榜格,,咯蜡,200,300,48.2,51.8,2024-11-24 00:55
规硅开 冈磊榜格,,咯蜡,200,300,49.1,50.9,2024-11-24 01:15
规硅开 冈磊榜格,,咯蜡,200,300,56.5,43.5,2024-11-24 01:40
规硅开 冈磊榜格,,咯蜡,200,300,53.7,46.3,2024-11-24 01:50
规硅开 冈磊榜格,,咯蜡,200,300,53.6,46.4,2024-11-24 02:00
规硅开 冈磊榜格,,咯蜡,200,300,54.5,45.5,2024-11-24 02:20
规硅开 冈磊榜格,,咯蜡,200,300,58.5,41.5,2024-11-24 02:30
规硅开 冈磊榜格,,咯蜡,200,300,62.9,37.1,2024-11-24 02:40
规硅开 冈磊榜格,,咯蜡,200,300,66.7,33.3,2024-11-24 02:50
规硅开 冈磊榜格,,咯蜡,200,300,60.2,39.8,2024-11-24 03:00
规硅开 冈磊榜格,,咯蜡,100,200,66.0,34.0,2024-11-24 03:10
规硅开 冈磊榜格,,咯蜡,100,200,62.4,37.6,2024-11-24 03:20
规硅开 冈磊榜格,,咯蜡,200,300,61.4,38.6,2024-11-24 03:30
规硅开 冈磊榜格,,咯蜡,100,200,67.2,32.8,2024-11-24 03:50
规硅开 冈磊榜格,,咯蜡,100,200,61.2,38.8,2024-11-24 04:00
规硅开 冈磊榜格,,咯蜡,200,300,63.0,37.0,2024-11-24 04:10
规硅开 冈磊榜格,,咯蜡,200,300,62.6,37.4,2024-11-24 04:20
规硅开 冈磊榜格,,咯蜡,100,200,68.5,31.5,2024-11-24 04:30
规硅开 冈磊榜格,,咯蜡,100,200,65.3,34.7,2024-11-24 04:40
规硅开 冈磊榜格,,咯蜡,100,200,66.8,33.2,2024-11-24 04:50
规硅开 冈磊榜格,,咯蜡,100,200,66.7,33.3,2024-11-24 05:10
规硅开 冈磊榜格,,咯蜡,100,200,64.3,35.7,2024-11-24 05:20
规硅开 冈磊榜格,,咯蜡,100,200,69.1,30.9,2024-11-24 05:35
规硅开 冈磊榜格,,咯蜡,100,200,66.6,33.4,2024-11-24 05:45
规硅开 冈磊榜格,,咯蜡,100,200,62.3,37.7,2024-11-24 05:55
规硅开 冈磊榜格,,咯蜡,200,300,54.8,45.2,2024-11-24 06:05
规硅开 冈磊榜格,,咯蜡,100,200,60.2,39.8,2024-11-24 06:15
规硅开 冈磊榜格,,咯蜡,200,300,57.5,42.5,2024-11-24 06:25
规硅开 冈磊榜格,,咯蜡,200,300,53.5,46.5,2024-11-24 06:35
规硅开 冈磊榜格,,咯蜡,200,300,58.0,42.0,2024-11-24 06:45
规硅开 冈磊榜格,,咯蜡,200,300,55.8,44.2,2024-11-24 06:55
规硅开 冈磊榜格,,咯蜡,200,300,30.4,69.6,2024-11-24 07:05
规硅开 冈磊榜格,,咯蜡,200,300,24.1,75.9,2024-11-24 07:15
规硅开 冈磊榜格,,咯蜡,200,300,23.1,76.9,2024-11-24 07:25
规硅开 冈磊榜格,,咯蜡,200,300,23.5,76.5,2024-11-24 07:35
规硅开 冈磊榜格,,咯蜡,200,300,18.8,81.2,2024-11-24 08:05
规硅开 冈磊榜格,,咯蜡,300,400,19.2,80.8,2024-11-24 08:15
规硅开 冈磊榜格,,咯蜡,300,400,19.3,80.7,2024-11-24 08:25
规硅开 冈磊榜格,,咯蜡,300,400,18.5,81.5,2024-11-24 08:35
规硅开 冈磊榜格,,咯蜡,400,500,15.7,84.3,2024-11-24 08:45
规硅开 冈磊榜格,,咯蜡,400,500,13.6,86.4,2024-11-24 08:55
规硅开 冈磊榜格,,咯蜡,400,500,16.3,83.7,2024-11-24 09:05
规硅开 冈磊榜格,,咯蜡,400,500,18.5,81.5,2024-11-24 09:15
规硅开 冈磊榜格,,咯蜡,500,600,15.2,84.8,2024-11-24 09:40
规硅开 冈磊榜格,,咯蜡,600,700,12.2,87.8,2024-11-24 09:50
规硅开 冈磊榜格,,咯蜡,500,600,14.1,85.9,2024-11-24 10:00
规硅开 冈磊榜格,,咯蜡,500,600,14.6,85.4,2024-11-24 10:10
规硅开 冈磊榜格,,咯蜡,500,600,12.4,87.6,2024-11-24 10:20
规硅开 冈磊榜格,,咯蜡,500,600,12.6,87.4,2024-11-24 10:30
规硅开 冈磊榜格,,咯蜡,500,600,13.1,86.9,2024-11-24 10:40
规硅开 冈磊榜格,,咯蜡,600,700,12.0,88.0,2024-11-24 10:50
规硅开 冈磊榜格,,咯蜡,500,600,13.7,86.3,2024-11-24 11:00
规硅开 冈磊榜格,,咯蜡,600,700,11.2,88.8,2024-11-24 11:10
规硅开 冈磊榜格,,咯蜡,700,800,11.9,88.1,2024-11-24 11:20
规硅开 冈磊榜格,,咯蜡,700,800,10.7,89.3,2024-11-24 11:30
规硅开 冈磊榜格,,咯蜡,700,800,10.5,89.5,2024-11-24 11:40
规硅开 冈磊榜格,,咯蜡,700,800,10.8,89.2,2024-11-24 11:50
规硅开 冈磊榜格,,咯蜡,700,800,10.3,89.7,2024-11-24 12:00
规硅开 冈磊榜格,,咯蜡,800,900,9.2,90.8,2024-11-24 12:10
规硅开 冈磊榜格,,咯蜡,800,900,10.0,90.0,2024-11-24 12:20
规硅开 冈磊榜格,,咯蜡,1000,1500,8.2,91.8,2024-11-24 12:50
规硅开 冈磊榜格,,咯蜡,900,1000,8.0,92.0,2024-11-24 13:00
规硅开 冈磊榜格,,咯蜡,900,1000,8.2,91.8,2024-11-24 13:10
规硅开 冈磊榜格,,咯蜡,700,800,10.3,89.7,2024-11-24 13:20
规硅开 冈磊榜格,,咯蜡,800,900,10.0,90.0,2024-11-24 13:45
规硅开 冈磊榜格,,咯蜡,800,900,9.9,90.1,2024-11-24 13:55
规硅开 冈磊榜格,,咯蜡,800,900,10.4,89.6,2024-11-24 14:05
规硅开 冈磊榜格,,咯蜡,800,900,10.7,89.3,2024-11-24 14:15
规硅开 冈磊榜格,,咯蜡,800,900,9.3,90.7,2024-11-24 14:25
规硅开 冈磊榜格,,咯蜡,700,800,10.6,89.4,2024-11-24 14:35
规硅开 冈磊榜格,,咯蜡,800,900,7.7,92.3,2024-11-24 14:45
规硅开 冈磊榜格,,咯蜡,800,900,10.0,90.0,2024-11-24 14:55
规硅开 冈磊榜格,,咯蜡,700,800,10.2,89.8,2024-11-24 15:35
规硅开 冈磊榜格,,咯蜡,600,700,11.2,88.8,2024-11-24 15:45
规硅开 冈磊榜格,,咯蜡,700,800,9.9,90.1,2024-11-24 15:55
规硅开 冈磊榜格,,咯蜡,700,800,10.3,89.7,2024-11-24 16:05
规硅开 冈磊榜格,,咯蜡,700,800,10.6,89.4,2024-11-24 16:15
规硅开 冈磊榜格,,咯蜡,600,700,10.1,89.9,2024-11-24 16:25
规硅开 冈磊榜格,,咯蜡,600,700,10.9,89.1,2024-11-24 16:35
规硅开 冈磊榜格,,咯蜡,600,700,10.0,90.0,2024-11-24 16:45
规硅开 冈磊榜格,,咯蜡,700,800,9.5,90.5,2024-11-24 16:55
规硅开 冈磊榜格,,咯蜡,700,800,9.7,90.3,2024-11-24 17:05
规硅开 冈磊榜格,,咯蜡,700,800,10.6,89.4,2024-11-24 17:15
规硅开 冈磊榜格,,咯蜡,600,700,12.1,87.9,2024-11-24 17:25
规硅开 冈磊榜格,,咯蜡,700,800,10.0,90.0,2024-11-24 17:40
规硅开 冈磊榜格,,咯蜡,700,800,8.4,91.6,2024-11-24 17:50
规硅开 冈磊榜格,,咯蜡,700,800,10.0,90.0,2024-11-24 18:00
规硅开 冈磊榜格,,咯蜡,700,800,12.1,87.9,2024-11-24 18:10
规硅开 冈磊榜格,,咯蜡,700,800,13.3,86.7,2024-11-24 18:20
规硅开 冈磊榜格,,咯蜡,700,800,14.5,85.5,2024-11-24 18:30
规硅开 冈磊榜格,,咯蜡,600,700,14.1,85.9,2024-11-24 18:40
规硅开 冈磊榜格,,咯蜡,600,700,14.3,85.7,2024-11-24 18:50
规硅开 冈磊榜格,,咯蜡,600,700,15.1,84.9,2024-11-24 19:00
规硅开 冈磊榜格,,咯蜡,600,700,15.2,84.8,2024-11-24 19:10
规硅开 冈磊榜格,,咯蜡,600,700,17.4,82.6,2024-11-24 19:20
规硅开 冈磊榜格,,咯蜡,600,700,15.2,84.8,2024-11-24 19:30
规硅开 冈磊榜格,,咯蜡,600,700,15.3,84.7,2024-11-24 19:40
规硅开 冈磊榜格,,咯蜡,600,700,16.6,83.4,2024-11-24 19:50
规硅开 冈磊榜格,,咯蜡,600,700,16.8,83.2,2024-11-24 20:00
规硅开 冈磊榜格,,咯蜡,600,700,18.0,82.0,2024-11-24 20:10
规硅开 冈磊榜格,,咯蜡,600,700,17.0,83.0,2024-11-24 20:20
规硅开 冈磊榜格,,咯蜡,400,500,24.4,75.6,2024-11-24 20:30
规硅开 冈磊榜格,,咯蜡,500,600,21.9,78.1,2024-11-24 20:40
规硅开 冈磊榜格,,咯蜡,400,500,23.8,76.2,2024-11-24 20:50
规硅开 冈磊榜格,,咯蜡,500,600,22.0,78.0,2024-11-24 21:00
规硅开 冈磊榜格,,咯蜡,500,600,24.2,75.8,2024-11-24 21:25
规硅开 冈磊榜格,,咯蜡,500,600,25.2,74.8,2024-11-24 21:35
规硅开 冈磊榜格,,咯蜡,400,500,29.6,70.4,2024-11-24 21:55
规硅开 冈磊榜格,,咯蜡,400,500,28.6,71.4,2024-11-24 22:05
规硅开 冈磊榜格,,咯蜡,400,500,31.1,68.9,2024-11-24 22:15
规硅开 冈磊榜格,,咯蜡,300,400,34.3,65.7,2024-11-24 22:25
规硅开 冈磊榜格,,咯蜡,300,400,37.8,62.2,2024-11-24 22:35
规硅开 冈磊榜格,,咯蜡,300,400,35.7,64.3,2024-11-24 22:45
规硅开 冈磊榜格,,咯蜡,300,400,43.6,56.4,2024-11-24 22:55
规硅开 冈磊榜格,,咯蜡,300,400,42.9,57.1,2024-11-24 23:05
规硅开 冈磊榜格,,咯蜡,300,400,34.5,65.5,2024-11-24 23:15
规硅开 冈磊榜格,,咯蜡,300,400,39.4,60.6,2024-11-24 23:25
规硅开 冈磊榜格,,咯蜡,300,400,39.9,60.1,2024-11-24 23:35
规硅开 冈磊榜格,,咯蜡,300,400,43.6,56.4,2024-11-24 23:45
规硅开 冈磊榜格,,咯蜡,200,300,46.8,53.2,2024-11-24 23:55
规硅开 冈磊榜格,,咯蜡,200,300,51.7,48.3,2024-11-25 00:05
规硅开 冈磊榜格,,咯蜡,200,300,51.6,48.4,2024-11-25 00:15
规硅开 冈磊榜格,,咯蜡,200,300,53.8,46.2,2024-11-25 00:25
规硅开 冈磊榜格,,咯蜡,200,300,57.0,43.0,2024-11-25 00:35
规硅开 冈磊榜格,,咯蜡,200,300,58.8,41.2,2024-11-25 00:45
规硅开 冈磊榜格,,咯蜡,200,300,58.5,41.5,2024-11-25 00:55
规硅开 冈磊榜格,,咯蜡,200,300,59.3,40.7,2024-11-25 01:10
规硅开 冈磊榜格,,咯蜡,200,300,58.1,41.9,2024-11-25 01:20
规硅开 冈磊榜格,,咯蜡,200,300,60.3,39.7,2024-11-25 01:30
规硅开 冈磊榜格,,咯蜡,200,300,62.0,38.0,2024-11-25 01:40
规硅开 冈磊榜格,,咯蜡,200,300,61.2,38.8,2024-11-25 01:50
规硅开 冈磊榜格,,咯蜡,200,300,64.9,35.1,2024-11-25 02:00
规硅开 冈磊榜格,,咯蜡,200,300,65.5,34.5,2024-11-25 02:10
规硅开 冈磊榜格,,咯蜡,200,300,67.9,32.1,2024-11-25 02:20
规硅开 冈磊榜格,,咯蜡,200,300,66.5,33.5,2024-11-25 02:30
规硅开 冈磊榜格,,咯蜡,200,300,65.7,34.3,2024-11-25 02:40
规硅开 冈磊榜格,,咯蜡,200,300,61.8,38.2,2024-11-25 02:50
规硅开 冈磊榜格,,咯蜡,200,300,63.3,36.7,2024-11-25 03:00
规硅开 冈磊榜格,,咯蜡,200,300,61.6,38.4,2024-11-25 03:20
规硅开 冈磊榜格,,咯蜡,200,300,63.4,36.6,2024-11-25 03:30
规硅开 冈磊榜格,,咯蜡,200,300,65.9,34.1,2024-11-25 03:40
规硅开 冈磊榜格,,咯蜡,100,200,65.5,34.5,2024-11-25 03:50
规硅开 冈磊榜格,,咯蜡,200,300,65.4,34.6,2024-11-25 04:00
规硅开 冈磊榜格,,咯蜡,200,300,69.0,31.0,2024-11-25 04:10
规硅开 冈磊榜格,,咯蜡,200,300,63.6,36.4,2024-11-25 04:20
规硅开 冈磊榜格,,咯蜡,200,300,60.7,39.3,2024-11-25 04:45
规硅开 冈磊榜格,,咯蜡,200,300,63.5,36.5,2024-11-25 04:55
规硅开 冈磊榜格,,咯蜡,200,300,64.6,35.4,2024-11-25 05:05
规硅开 冈磊榜格,,咯蜡,200,300,58.0,42.0,2024-11-25 05:15
规硅开 冈磊榜格,,咯蜡,200,300,57.4,42.6,2024-11-25 05:25
规硅开 冈磊榜格,,咯蜡,200,300,54.3,45.7,2024-11-25 05:35
规硅开 冈磊榜格,,咯蜡,200,300,57.2,42.8,2024-11-25 05:45
规硅开 冈磊榜格,,咯蜡,200,300,43.8,56.2,2024-11-25 05:55
规硅开 冈磊榜格,,咯蜡,200,300,50.4,49.6,2024-11-25 06:05
规硅开 冈磊榜格,,咯蜡,300,400,45.3,54.7,2024-11-25 06:15
规硅开 冈磊榜格,,咯蜡,300,400,37.7,62.3,2024-11-25 06:35
规硅开 冈磊榜格,,咯蜡,300,400,34.8,65.2,2024-11-25 06:45
规硅开 冈磊榜格,,咯蜡,300,400,32.8,67.2,2024-11-25 06:55
规硅开 冈磊榜格,,咯蜡,400,500,23.6,76.4,2024-11-25 07:05
规硅开 冈磊榜格,,咯蜡,400,500,13.8,86.2,2024-11-25 07:15
规硅开 冈磊榜格,,咯蜡,500,600,12.2,87.8,2024-11-25 07:25
规硅开 冈磊榜格,,咯蜡,600,700,9.6,90.4,2024-11-25 07:35
规硅开 冈磊榜格,,咯蜡,700,800,9.5,90.5,2024-11-25 07:45
规硅开 冈磊榜格,,咯蜡,700,800,10.3,89.7,2024-11-25 07:55
规硅开 冈磊榜格,,咯蜡,800,900,9.0,91.0,2024-11-25 08:05
规硅开 冈磊榜格,,咯蜡,900,1000,7.9,92.1,2024-11-25 08:20
规硅开 冈磊榜格,,咯蜡,1000,1500,8.2,91.8,2024-11-25 08:30
规硅开 冈磊榜格,,咯蜡,1000,1500,8.6,91.4,2024-11-25 08:40
规硅开 冈磊榜格,,咯蜡,900,1000,11.8,88.2,2024-11-25 08:50
规硅开 冈磊榜格,,焊烹,1000,1500,10.9,89.1,2024-11-25 09:00
规硅开 冈磊榜格,,咯蜡,1000,1500,14.3,85.7,2024-11-25 09:20
规硅开 冈磊榜格,,咯蜡,1000,1500,15.2,84.8,2024-11-25 09:30
规硅开 冈磊榜格,,咯蜡,1000,1500,15.2,84.8,2024-11-25 09:50
规硅开 冈磊榜格,,咯蜡,1000,1500,15.8,84.2,2024-11-25 10:00
规硅开 冈磊榜格,,咯蜡,1000,1500,19.7,80.3,2024-11-25 10:10
规硅开 冈磊榜格,,咯蜡,1000,1500,17.9,82.1,2024-11-25 10:20
规硅开 冈磊榜格,,咯蜡,1000,1500,19.2,80.8,2024-11-25 10:30
规硅开 冈磊榜格,,咯蜡,1000,1500,15.8,84.2,2024-11-25 10:50
规硅开 冈磊榜格,,咯蜡,1000,1500,15.2,84.8,2024-11-25 11:00
规硅开 冈磊榜格,,咯蜡,1000,1500,15.1,84.9,2024-11-25 11:10
规硅开 冈磊榜格,,咯蜡,1000,1500,15.9,84.1,2024-11-25 11:20
规硅开 冈磊榜格,,咯蜡,1000,1500,15.3,84.7,2024-11-25 11:30
规硅开 冈磊榜格,,距埃 赫忽,1500,2000,12.8,87.2,2024-11-25 11:40
规硅开 冈磊榜格,,距埃 赫忽,1500,2000,11.2,88.8,2024-11-25 11:55
规硅开 冈磊榜格,,距埃 赫忽,1500,2000,11.1,88.9,2024-11-25 12:05
规硅开 冈磊榜格,,距埃 赫忽,1500,2000,10.5,89.5,2024-11-25 12:15
规硅开 冈磊榜格,,距埃 赫忽,1500,2000,11.3,88.7,2024-11-25 12:35
规硅开 冈磊榜格,,距埃 赫忽,1500,2000,10.9,89.1,2024-11-25 12:45
规硅开 冈磊榜格,,距埃 赫忽,1500,2000,12.3,87.7,2024-11-25 12:55
规硅开 冈磊榜格,,距埃 赫忽,1500,2000,13.6,86.4,2024-11-25 13:05
规硅开 冈磊榜格,,焊烹,1000,1500,13.9,86.1,2024-11-25 13:15
规硅开 冈磊榜格,,焊烹,1000,1500,14.8,85.2,2024-11-25 13:25
规硅开 冈磊榜格,,咯蜡,1000,1500,14.4,85.6,2024-11-25 13:35
