«÷Ω∫∆Ã ¿Âº“∏Ì,Ω«Ω√∞£ ¿Œ±∏«ˆ»≤,¿Âº“ »•¿‚µµ ¡ˆ«•,Ω«Ω√∞£ ¿Œ±∏ ¡ˆ«• √÷º“∞™,Ω«Ω√∞£ ¿Œ±∏ ¡ˆ«• √÷¥Î∞™,ªÛ¡÷ ¿Œ±∏ ∫Ò¿≤,∫ÒªÛ¡÷ ¿Œ±∏ ∫Ò¿≤,Ω«Ω√∞£ ¿Œ±∏ µ•¿Ã≈Õ æ˜µ•¿Ã∆Æ Ω√∞£
º≠√Ã,,ø©¿Ø,14000,16000,60.0,40.0,2024-11-13 10:55
º≠√Ã,,ø©¿Ø,14000,16000,59.5,40.5,2024-11-13 11:00
º≠√Ã,,ø©¿Ø,14000,16000,58.5,41.5,2024-11-13 11:10
º≠√Ã,,ø©¿Ø,14000,16000,57.6,42.4,2024-11-13 11:20
º≠√Ã,,∫∏≈Î,14000,16000,56.6,43.4,2024-11-13 11:30
º≠√Ã,,∫∏≈Î,14000,16000,55.2,44.8,2024-11-13 11:40
º≠√Ã,,∫∏≈Î,16000,18000,54.3,45.7,2024-11-13 11:50
º≠√Ã,,∫∏≈Î,16000,18000,53.5,46.5,2024-11-13 12:00
º≠√Ã,,∫∏≈Î,16000,18000,52.5,47.5,2024-11-13 12:10
º≠√Ã,,∫∏≈Î,16000,18000,51.5,48.5,2024-11-13 12:25
º≠√Ã,,æ‡∞£ ∫’∫ˆ,16000,18000,51.2,48.8,2024-11-13 12:35
º≠√Ã,,æ‡∞£ ∫’∫ˆ,16000,18000,51.0,49.0,2024-11-13 12:45
º≠√Ã,,æ‡∞£ ∫’∫ˆ,16000,18000,50.9,49.1,2024-11-13 12:55
º≠√Ã,,æ‡∞£ ∫’∫ˆ,16000,18000,50.8,49.2,2024-11-13 13:05
º≠√Ã,,æ‡∞£ ∫’∫ˆ,16000,18000,50.4,49.6,2024-11-13 13:15
º≠√Ã,,æ‡∞£ ∫’∫ˆ,16000,18000,50.0,50.0,2024-11-13 13:25
º≠√Ã,,æ‡∞£ ∫’∫ˆ,16000,18000,49.7,50.3,2024-11-13 13:35
º≠√Ã,,æ‡∞£ ∫’∫ˆ,16000,18000,49.6,50.4,2024-11-13 13:45
º≠√Ã,,æ‡∞£ ∫’∫ˆ,16000,18000,49.3,50.7,2024-11-13 13:55
º≠√Ã,,∫∏≈Î,16000,18000,54.3,45.7,2024-11-13 17:50
º≠√Ã,,∫∏≈Î,16000,18000,54.8,45.2,2024-11-13 18:00
º≠√Ã,,∫∏≈Î,16000,18000,54.5,45.5,2024-11-13 18:10
º≠√Ã,,∫∏≈Î,16000,18000,54.7,45.3,2024-11-13 18:20
º≠√Ã,,∫∏≈Î,16000,18000,54.3,45.7,2024-11-13 18:30
º≠√Ã,,∫∏≈Î,16000,18000,54.7,45.3,2024-11-13 18:40
º≠√Ã,,∫∏≈Î,16000,18000,54.7,45.3,2024-11-13 18:50
º≠√Ã,,∫∏≈Î,14000,16000,55.2,44.8,2024-11-13 19:00
º≠√Ã,,∫∏≈Î,14000,16000,55.6,44.4,2024-11-13 19:35
º≠√Ã,,∫∏≈Î,14000,16000,55.7,44.3,2024-11-13 19:40
º≠√Ã,,∫∏≈Î,14000,16000,56.2,43.8,2024-11-13 19:45
º≠√Ã,,ø©¿Ø,14000,16000,56.2,43.8,2024-11-13 19:50
º≠√Ã,,ø©¿Ø,14000,16000,56.2,43.8,2024-11-13 19:50
º≠√Ã,,ø©¿Ø,14000,16000,56.2,43.8,2024-11-13 19:50
º≠√Ã,,ø©¿Ø,14000,16000,56.8,43.2,2024-11-13 19:55
º≠√Ã,,ø©¿Ø,14000,16000,56.8,43.2,2024-11-13 19:55
º≠√Ã,,ø©¿Ø,14000,16000,56.8,43.2,2024-11-13 19:55
º≠√Ã,,ø©¿Ø,14000,16000,57.8,42.2,2024-11-13 20:05
º≠√Ã,,ø©¿Ø,14000,16000,59.3,40.7,2024-11-13 20:15
º≠√Ã,,ø©¿Ø,14000,16000,59.9,40.1,2024-11-13 20:25
º≠√Ã,,ø©¿Ø,14000,16000,60.2,39.8,2024-11-13 20:35
º≠√Ã,,ø©¿Ø,14000,16000,60.0,40.0,2024-11-13 20:45
º≠√Ã,,ø©¿Ø,12000,14000,59.3,40.7,2024-11-13 20:55
º≠√Ã,,ø©¿Ø,12000,14000,60.4,39.6,2024-11-13 21:10
º≠√Ã,,ø©¿Ø,12000,14000,62.6,37.4,2024-11-13 21:20
º≠√Ã,,ø©¿Ø,12000,14000,64.8,35.2,2024-11-13 21:30
º≠√Ã,,ø©¿Ø,12000,14000,67.6,32.4,2024-11-13 21:40
º≠√Ã,,ø©¿Ø,12000,14000,70.4,29.6,2024-11-13 21:50
º≠√Ã,,ø©¿Ø,10000,12000,72.2,27.8,2024-11-13 22:00
º≠√Ã,,ø©¿Ø,10000,12000,74.1,25.9,2024-11-13 22:10
º≠√Ã,,ø©¿Ø,10000,12000,75.5,24.5,2024-11-13 22:20
º≠√Ã,,ø©¿Ø,10000,12000,76.7,23.3,2024-11-13 22:30
º≠√Ã,,ø©¿Ø,10000,12000,77.8,22.2,2024-11-13 22:40
º≠√Ã,,ø©¿Ø,10000,12000,79.0,21.0,2024-11-13 22:50
º≠√Ã,,ø©¿Ø,10000,12000,80.3,19.7,2024-11-13 23:00
º≠√Ã,,ø©¿Ø,10000,12000,81.4,18.6,2024-11-13 23:10
º≠√Ã,,ø©¿Ø,10000,12000,82.3,17.7,2024-11-13 23:20
º≠√Ã,,ø©¿Ø,10000,12000,83.5,16.5,2024-11-13 23:30
º≠√Ã,,ø©¿Ø,10000,12000,85.1,14.9,2024-11-13 23:40
º≠√Ã,,ø©¿Ø,10000,12000,85.8,14.2,2024-11-13 23:50
º≠√Ã,,ø©¿Ø,10000,12000,87.1,12.9,2024-11-14 00:00
º≠√Ã,,ø©¿Ø,10000,12000,87.7,12.3,2024-11-14 00:10
º≠√Ã,,ø©¿Ø,10000,12000,89.0,11.0,2024-11-14 00:20
º≠√Ã,,ø©¿Ø,10000,12000,89.8,10.2,2024-11-14 00:30
º≠√Ã,,ø©¿Ø,10000,12000,90.7,9.3,2024-11-14 00:40
º≠√Ã,,ø©¿Ø,10000,12000,91.3,8.7,2024-11-14 00:50
º≠√Ã,,ø©¿Ø,12000,14000,64.6,35.4,2024-11-14 10:40
º≠√Ã,,ø©¿Ø,12000,14000,64.2,35.8,2024-11-14 10:50
º≠√Ã,,ø©¿Ø,12000,14000,63.7,36.3,2024-11-14 11:00
º≠√Ã,,ø©¿Ø,12000,14000,62.8,37.2,2024-11-14 11:10
º≠√Ã,,ø©¿Ø,12000,14000,61.8,38.2,2024-11-14 11:20
º≠√Ã,,ø©¿Ø,12000,14000,61.4,38.6,2024-11-14 11:30
º≠√Ã,,ø©¿Ø,14000,16000,60.3,39.7,2024-11-14 11:40
º≠√Ã,,ø©¿Ø,14000,16000,58.9,41.1,2024-11-14 11:50
º≠√Ã,,ø©¿Ø,14000,16000,58.3,41.7,2024-11-14 12:00
º≠√Ã,,ø©¿Ø,14000,16000,57.6,42.4,2024-11-14 12:10
º≠√Ã,,ø©¿Ø,14000,16000,56.9,43.1,2024-11-14 12:20
º≠√Ã,,ø©¿Ø,14000,16000,57.0,43.0,2024-11-14 12:30
º≠√Ã,,ø©¿Ø,14000,16000,55.9,44.1,2024-11-14 12:40
º≠√Ã,,ø©¿Ø,14000,16000,56.6,43.4,2024-11-14 12:50
º≠√Ã,,ø©¿Ø,14000,16000,56.3,43.7,2024-11-14 13:15
º≠√Ã,,ø©¿Ø,14000,16000,56.1,43.9,2024-11-14 13:25
º≠√Ã,,ø©¿Ø,14000,16000,56.4,43.6,2024-11-14 13:35
º≠√Ã,,ø©¿Ø,14000,16000,56.4,43.6,2024-11-14 13:45
º≠√Ã,,ø©¿Ø,14000,16000,56.4,43.6,2024-11-14 13:55
º≠√Ã,,ø©¿Ø,14000,16000,57.0,43.0,2024-11-14 14:05
º≠√Ã,,ø©¿Ø,14000,16000,58.1,41.9,2024-11-14 14:15
º≠√Ã,,ø©¿Ø,14000,16000,58.3,41.7,2024-11-14 14:25
º≠√Ã,,ø©¿Ø,12000,14000,58.2,41.8,2024-11-14 14:35
º≠√Ã,,ø©¿Ø,14000,16000,58.2,41.8,2024-11-14 14:45
º≠√Ã,,ø©¿Ø,14000,16000,58.2,41.8,2024-11-14 14:55
º≠√Ã,,ø©¿Ø,14000,16000,57.5,42.5,2024-11-14 15:10
º≠√Ã,,ø©¿Ø,12000,14000,58.3,41.7,2024-11-14 15:20
º≠√Ã,,ø©¿Ø,14000,16000,58.0,42.0,2024-11-14 15:30
º≠√Ã,,ø©¿Ø,14000,16000,58.0,42.0,2024-11-14 15:40
º≠√Ã,,ø©¿Ø,12000,14000,58.7,41.3,2024-11-14 15:50
º≠√Ã,,ø©¿Ø,12000,14000,59.0,41.0,2024-11-14 16:00
º≠√Ã,,ø©¿Ø,12000,14000,59.1,40.9,2024-11-14 16:10
º≠√Ã,,ø©¿Ø,14000,16000,58.8,41.2,2024-11-14 16:20
º≠√Ã,,ø©¿Ø,12000,14000,59.6,40.4,2024-11-14 16:40
º≠√Ã,,ø©¿Ø,12000,14000,59.4,40.6,2024-11-14 17:00
º≠√Ã,,ø©¿Ø,12000,14000,59.6,40.4,2024-11-14 17:10
º≠√Ã,,ø©¿Ø,12000,14000,59.9,40.1,2024-11-14 17:25
º≠√Ã,,ø©¿Ø,12000,14000,61.6,38.4,2024-11-14 17:45
º≠√Ã,,ø©¿Ø,12000,14000,61.4,38.6,2024-11-14 17:55
º≠√Ã,,ø©¿Ø,12000,14000,59.6,40.4,2024-11-14 18:05
º≠√Ã,,ø©¿Ø,12000,14000,60.4,39.6,2024-11-14 18:15
º≠√Ã,,ø©¿Ø,12000,14000,60.3,39.7,2024-11-14 18:25
º≠√Ã,,ø©¿Ø,12000,14000,61.2,38.8,2024-11-14 18:35
º≠√Ã,,ø©¿Ø,12000,14000,61.8,38.2,2024-11-14 18:45
º≠√Ã,,ø©¿Ø,12000,14000,61.1,38.9,2024-11-14 18:55
º≠√Ã,,ø©¿Ø,12000,14000,61.8,38.2,2024-11-14 19:05
º≠√Ã,,ø©¿Ø,12000,14000,63.2,36.8,2024-11-14 19:15
º≠√Ã,,ø©¿Ø,12000,14000,64.4,35.6,2024-11-14 19:25
º≠√Ã,,ø©¿Ø,12000,14000,65.1,34.9,2024-11-14 19:35
º≠√Ã,,ø©¿Ø,12000,14000,65.2,34.8,2024-11-14 19:45
º≠√Ã,,ø©¿Ø,10000,12000,66.3,33.7,2024-11-14 19:55
º≠√Ã,,ø©¿Ø,10000,12000,67.5,32.5,2024-11-14 20:05
º≠√Ã,,ø©¿Ø,10000,12000,68.2,31.8,2024-11-14 20:15
º≠√Ã,,ø©¿Ø,10000,12000,69.7,30.3,2024-11-14 20:30
º≠√Ã,,ø©¿Ø,10000,12000,70.7,29.3,2024-11-14 20:40
º≠√Ã,,ø©¿Ø,10000,12000,71.7,28.3,2024-11-14 20:50
º≠√Ã,,ø©¿Ø,10000,12000,71.8,28.2,2024-11-14 21:00
º≠√Ã,,ø©¿Ø,10000,12000,72.9,27.1,2024-11-14 21:10
º≠√Ã,,ø©¿Ø,10000,12000,74.7,25.3,2024-11-14 21:20
º≠√Ã,,ø©¿Ø,10000,12000,75.7,24.3,2024-11-14 21:30
º≠√Ã,,ø©¿Ø,10000,12000,76.4,23.6,2024-11-14 21:40
º≠√Ã,,ø©¿Ø,10000,12000,77.3,22.7,2024-11-14 21:50
º≠√Ã,,ø©¿Ø,10000,12000,78.3,21.7,2024-11-14 22:00
º≠√Ã,,ø©¿Ø,10000,12000,80.5,19.5,2024-11-14 22:10
º≠√Ã,,ø©¿Ø,10000,12000,81.3,18.7,2024-11-14 22:20
º≠√Ã,,ø©¿Ø,10000,12000,81.6,18.4,2024-11-14 22:30
º≠√Ã,,ø©¿Ø,10000,12000,83.0,17.0,2024-11-14 22:40
º≠√Ã,,ø©¿Ø,10000,12000,83.2,16.8,2024-11-14 22:50
º≠√Ã,,ø©¿Ø,10000,12000,84.7,15.3,2024-11-14 23:00
º≠√Ã,,ø©¿Ø,10000,12000,85.6,14.4,2024-11-14 23:10
º≠√Ã,,ø©¿Ø,10000,12000,85.9,14.1,2024-11-14 23:20
º≠√Ã,,ø©¿Ø,10000,12000,86.7,13.3,2024-11-14 23:30
º≠√Ã,,ø©¿Ø,10000,12000,87.6,12.4,2024-11-14 23:40
º≠√Ã,,ø©¿Ø,10000,12000,87.9,12.1,2024-11-14 23:50
º≠√Ã,,ø©¿Ø,10000,12000,88.8,11.2,2024-11-15 00:00
º≠√Ã,,ø©¿Ø,10000,12000,90.0,10.0,2024-11-15 00:25
º≠√Ã,,ø©¿Ø,10000,12000,90.6,9.4,2024-11-15 00:35
º≠√Ã,,ø©¿Ø,10000,12000,90.9,9.1,2024-11-15 00:45
º≠√Ã,,ø©¿Ø,10000,12000,91.2,8.8,2024-11-15 00:55
º≠√Ã,,ø©¿Ø,10000,12000,91.2,8.8,2024-11-15 01:05
º≠√Ã,,ø©¿Ø,10000,12000,91.3,8.7,2024-11-15 01:15
º≠√Ã,,ø©¿Ø,10000,12000,91.7,8.3,2024-11-15 01:25
º≠√Ã,,ø©¿Ø,10000,12000,91.8,8.2,2024-11-15 01:35
º≠√Ã,,ø©¿Ø,10000,12000,91.6,8.4,2024-11-15 01:45
º≠√Ã,,ø©¿Ø,10000,12000,91.6,8.4,2024-11-15 01:55
º≠√Ã,,ø©¿Ø,10000,12000,91.5,8.5,2024-11-15 02:05
º≠√Ã,,ø©¿Ø,10000,12000,91.3,8.7,2024-11-15 02:15
º≠√Ã,,ø©¿Ø,10000,12000,91.9,8.1,2024-11-15 02:25
º≠√Ã,,ø©¿Ø,10000,12000,91.8,8.2,2024-11-15 02:35
º≠√Ã,,ø©¿Ø,10000,12000,92.0,8.0,2024-11-15 02:55
º≠√Ã,,ø©¿Ø,10000,12000,92.0,8.0,2024-11-15 03:05
º≠√Ã,,ø©¿Ø,10000,12000,91.8,8.2,2024-11-15 03:15
º≠√Ã,,ø©¿Ø,10000,12000,92.0,8.0,2024-11-15 03:40
º≠√Ã,,ø©¿Ø,10000,12000,92.2,7.8,2024-11-15 03:50
º≠√Ã,,ø©¿Ø,10000,12000,92.1,7.9,2024-11-15 04:00
º≠√Ã,,ø©¿Ø,10000,12000,92.3,7.7,2024-11-15 04:10
º≠√Ã,,ø©¿Ø,10000,12000,92.2,7.8,2024-11-15 04:20
º≠√Ã,,ø©¿Ø,10000,12000,92.2,7.8,2024-11-15 04:30
º≠√Ã,,ø©¿Ø,10000,12000,91.8,8.2,2024-11-15 04:40
º≠√Ã,,ø©¿Ø,10000,12000,91.6,8.4,2024-11-15 04:50
º≠√Ã,,ø©¿Ø,10000,12000,91.7,8.3,2024-11-15 05:00
º≠√Ã,,ø©¿Ø,10000,12000,90.8,9.2,2024-11-15 05:20
º≠√Ã,,ø©¿Ø,10000,12000,90.7,9.3,2024-11-15 05:30
º≠√Ã,,ø©¿Ø,10000,12000,90.5,9.5,2024-11-15 05:40
º≠√Ã,,ø©¿Ø,10000,12000,90.0,10.0,2024-11-15 05:50
º≠√Ã,,ø©¿Ø,10000,12000,89.7,10.3,2024-11-15 06:00
º≠√Ã,,ø©¿Ø,10000,12000,89.3,10.7,2024-11-15 06:10
º≠√Ã,,ø©¿Ø,10000,12000,87.9,12.1,2024-11-15 06:20
º≠√Ã,,ø©¿Ø,10000,12000,87.9,12.1,2024-11-15 06:30
º≠√Ã,,ø©¿Ø,10000,12000,86.8,13.2,2024-11-15 06:45
º≠√Ã,,ø©¿Ø,10000,12000,85.8,14.2,2024-11-15 06:55
º≠√Ã,,ø©¿Ø,10000,12000,85.1,14.9,2024-11-15 07:05
º≠√Ã,,ø©¿Ø,10000,12000,84.2,15.8,2024-11-15 07:15
º≠√Ã,,ø©¿Ø,10000,12000,82.3,17.7,2024-11-15 07:25
º≠√Ã,,ø©¿Ø,10000,12000,81.0,19.0,2024-11-15 07:35
º≠√Ã,,ø©¿Ø,10000,12000,79.4,20.6,2024-11-15 07:45
º≠√Ã,,ø©¿Ø,10000,12000,77.9,22.1,2024-11-15 07:55
º≠√Ã,,ø©¿Ø,10000,12000,77.0,23.0,2024-11-15 08:05
º≠√Ã,,ø©¿Ø,10000,12000,74.2,25.8,2024-11-15 08:25
º≠√Ã,,ø©¿Ø,10000,12000,73.5,26.5,2024-11-15 08:35
º≠√Ã,,ø©¿Ø,12000,14000,72.9,27.1,2024-11-15 08:45
º≠√Ã,,ø©¿Ø,12000,14000,73.4,26.6,2024-11-15 08:55
º≠√Ã,,ø©¿Ø,12000,14000,72.8,27.2,2024-11-15 09:05
º≠√Ã,,ø©¿Ø,12000,14000,70.6,29.4,2024-11-15 09:25
º≠√Ã,,ø©¿Ø,12000,14000,69.6,30.4,2024-11-15 09:40
º≠√Ã,,ø©¿Ø,12000,14000,69.8,30.2,2024-11-15 09:50
º≠√Ã,,ø©¿Ø,12000,14000,68.9,31.1,2024-11-15 10:00
º≠√Ã,,ø©¿Ø,12000,14000,67.8,32.2,2024-11-15 10:10
º≠√Ã,,ø©¿Ø,12000,14000,66.8,33.2,2024-11-15 10:20
º≠√Ã,,ø©¿Ø,12000,14000,65.9,34.1,2024-11-15 10:30
º≠√Ã,,ø©¿Ø,12000,14000,65.4,34.6,2024-11-15 10:40
º≠√Ã,,ø©¿Ø,12000,14000,64.4,35.6,2024-11-15 10:50
º≠√Ã,,ø©¿Ø,12000,14000,63.4,36.6,2024-11-15 11:00
º≠√Ã,,ø©¿Ø,14000,16000,63.0,37.0,2024-11-15 11:10
º≠√Ã,,ø©¿Ø,14000,16000,61.9,38.1,2024-11-15 11:20
º≠√Ã,,ø©¿Ø,14000,16000,60.4,39.6,2024-11-15 11:30
º≠√Ã,,ø©¿Ø,14000,16000,59.2,40.8,2024-11-15 11:40
º≠√Ã,,ø©¿Ø,14000,16000,57.5,42.5,2024-11-15 11:50
º≠√Ã,,∫∏≈Î,14000,16000,56.4,43.6,2024-11-15 12:00
º≠√Ã,,∫∏≈Î,14000,16000,55.4,44.6,2024-11-15 12:10
º≠√Ã,,∫∏≈Î,14000,16000,55.5,44.5,2024-11-15 12:20
º≠√Ã,,∫∏≈Î,16000,18000,54.2,45.8,2024-11-15 12:30
º≠√Ã,,∫∏≈Î,16000,18000,54.1,45.9,2024-11-15 12:40
º≠√Ã,,∫∏≈Î,16000,18000,54.2,45.8,2024-11-15 12:50
º≠√Ã,,∫∏≈Î,16000,18000,54.3,45.7,2024-11-15 13:00
º≠√Ã,,∫∏≈Î,14000,16000,53.8,46.2,2024-11-15 13:15
º≠√Ã,,∫∏≈Î,14000,16000,54.2,45.8,2024-11-15 13:25
º≠√Ã,,∫∏≈Î,14000,16000,53.9,46.1,2024-11-15 13:35
º≠√Ã,,∫∏≈Î,14000,16000,53.8,46.2,2024-11-15 13:45
º≠√Ã,,∫∏≈Î,14000,16000,54.0,46.0,2024-11-15 13:55
º≠√Ã,,∫∏≈Î,14000,16000,53.6,46.4,2024-11-15 14:05
º≠√Ã,,∫∏≈Î,14000,16000,54.2,45.8,2024-11-15 14:15
º≠√Ã,,∫∏≈Î,14000,16000,53.7,46.3,2024-11-15 14:25
º≠√Ã,,∫∏≈Î,14000,16000,54.0,46.0,2024-11-15 14:35
º≠√Ã,,∫∏≈Î,14000,16000,53.8,46.2,2024-11-15 14:45
º≠√Ã,,∫∏≈Î,14000,16000,53.8,46.2,2024-11-15 14:55
º≠√Ã,,∫∏≈Î,14000,16000,54.2,45.8,2024-11-15 15:05
º≠√Ã,,∫∏≈Î,14000,16000,53.8,46.2,2024-11-15 15:15
º≠√Ã,,∫∏≈Î,14000,16000,53.8,46.2,2024-11-15 15:25
º≠√Ã,,∫∏≈Î,14000,16000,53.5,46.5,2024-11-15 15:35
º≠√Ã,,ø©¿Ø,14000,16000,54.0,46.0,2024-11-15 15:45
º≠√Ã,,ø©¿Ø,14000,16000,54.7,45.3,2024-11-15 15:55
º≠√Ã,,ø©¿Ø,14000,16000,55.3,44.7,2024-11-15 16:15
º≠√Ã,,ø©¿Ø,14000,16000,55.6,44.4,2024-11-15 16:25
º≠√Ã,,ø©¿Ø,14000,16000,56.6,43.4,2024-11-15 17:00
º≠√Ã,,ø©¿Ø,14000,16000,56.1,43.9,2024-11-15 17:10
º≠√Ã,,ø©¿Ø,14000,16000,56.3,43.7,2024-11-15 17:20
º≠√Ã,,ø©¿Ø,14000,16000,57.6,42.4,2024-11-15 17:30
º≠√Ã,,ø©¿Ø,14000,16000,57.5,42.5,2024-11-15 17:40
º≠√Ã,,ø©¿Ø,14000,16000,57.1,42.9,2024-11-15 17:50
º≠√Ã,,ø©¿Ø,14000,16000,56.8,43.2,2024-11-15 18:00
º≠√Ã,,ø©¿Ø,14000,16000,56.6,43.4,2024-11-15 18:10
º≠√Ã,,ø©¿Ø,12000,14000,56.9,43.1,2024-11-15 18:20
º≠√Ã,,ø©¿Ø,12000,14000,55.9,44.1,2024-11-15 18:30
º≠√Ã,,ø©¿Ø,12000,14000,56.6,43.4,2024-11-15 18:40
º≠√Ã,,ø©¿Ø,12000,14000,56.5,43.5,2024-11-15 18:50
º≠√Ã,,ø©¿Ø,12000,14000,55.9,44.1,2024-11-15 19:00
º≠√Ã,,ø©¿Ø,12000,14000,56.8,43.2,2024-11-15 19:10
º≠√Ã,,ø©¿Ø,12000,14000,57.5,42.5,2024-11-15 19:20
º≠√Ã,,ø©¿Ø,12000,14000,58.2,41.8,2024-11-15 19:30
º≠√Ã,,ø©¿Ø,12000,14000,58.5,41.5,2024-11-15 19:40
º≠√Ã,,ø©¿Ø,12000,14000,59.7,40.3,2024-11-15 19:50
º≠√Ã,,ø©¿Ø,12000,14000,60.6,39.4,2024-11-15 20:05
º≠√Ã,,ø©¿Ø,12000,14000,61.2,38.8,2024-11-15 20:15
º≠√Ã,,ø©¿Ø,12000,14000,62.5,37.5,2024-11-15 20:25
º≠√Ã,,ø©¿Ø,12000,14000,63.1,36.9,2024-11-15 20:35
º≠√Ã,,ø©¿Ø,10000,12000,63.7,36.3,2024-11-15 20:45
º≠√Ã,,ø©¿Ø,10000,12000,64.5,35.5,2024-11-15 20:55
º≠√Ã,,ø©¿Ø,10000,12000,66.2,33.8,2024-11-15 21:05
º≠√Ã,,ø©¿Ø,10000,12000,67.2,32.8,2024-11-15 21:15
º≠√Ã,,ø©¿Ø,10000,12000,68.4,31.6,2024-11-15 21:25
º≠√Ã,,ø©¿Ø,10000,12000,70.9,29.1,2024-11-15 21:45
º≠√Ã,,ø©¿Ø,10000,12000,72.6,27.4,2024-11-15 21:55
º≠√Ã,,ø©¿Ø,10000,12000,73.1,26.9,2024-11-15 22:05
º≠√Ã,,ø©¿Ø,10000,12000,74.8,25.2,2024-11-15 22:15
º≠√Ã,,ø©¿Ø,10000,12000,76.2,23.8,2024-11-15 22:25
º≠√Ã,,ø©¿Ø,10000,12000,77.3,22.7,2024-11-15 22:35
º≠√Ã,,ø©¿Ø,10000,12000,79.1,20.9,2024-11-15 23:00
º≠√Ã,,ø©¿Ø,10000,12000,80.4,19.6,2024-11-15 23:10
º≠√Ã,,ø©¿Ø,10000,12000,80.9,19.1,2024-11-15 23:20
º≠√Ã,,ø©¿Ø,10000,12000,82.0,18.0,2024-11-15 23:30
º≠√Ã,,ø©¿Ø,10000,12000,82.8,17.2,2024-11-15 23:40
º≠√Ã,,ø©¿Ø,10000,12000,83.3,16.7,2024-11-15 23:50
º≠√Ã,,ø©¿Ø,10000,12000,84.2,15.8,2024-11-16 00:00
º≠√Ã,,ø©¿Ø,10000,12000,85.7,14.3,2024-11-16 00:10
º≠√Ã,,ø©¿Ø,10000,12000,86.3,13.7,2024-11-16 00:20
º≠√Ã,,ø©¿Ø,10000,12000,86.2,13.8,2024-11-16 00:30
º≠√Ã,,ø©¿Ø,10000,12000,86.8,13.2,2024-11-16 00:40
º≠√Ã,,ø©¿Ø,10000,12000,87.2,12.8,2024-11-16 00:50
º≠√Ã,,ø©¿Ø,10000,12000,87.4,12.6,2024-11-16 01:00
º≠√Ã,,ø©¿Ø,10000,12000,87.7,12.3,2024-11-16 01:10
º≠√Ã,,ø©¿Ø,10000,12000,87.6,12.4,2024-11-16 01:20
º≠√Ã,,ø©¿Ø,10000,12000,87.7,12.3,2024-11-16 01:30
º≠√Ã,,ø©¿Ø,10000,12000,88.8,11.2,2024-11-16 01:50
º≠√Ã,,ø©¿Ø,10000,12000,89.1,10.9,2024-11-16 02:05
º≠√Ã,,ø©¿Ø,10000,12000,89.2,10.8,2024-11-16 02:15
º≠√Ã,,ø©¿Ø,10000,12000,89.6,10.4,2024-11-16 02:25
º≠√Ã,,ø©¿Ø,10000,12000,89.8,10.2,2024-11-16 02:35
º≠√Ã,,ø©¿Ø,10000,12000,89.6,10.4,2024-11-16 02:45
º≠√Ã,,ø©¿Ø,10000,12000,89.7,10.3,2024-11-16 02:55
º≠√Ã,,ø©¿Ø,10000,12000,89.9,10.1,2024-11-16 03:05
º≠√Ã,,ø©¿Ø,10000,12000,89.7,10.3,2024-11-16 03:15
º≠√Ã,,ø©¿Ø,10000,12000,89.5,10.5,2024-11-16 03:25
º≠√Ã,,ø©¿Ø,10000,12000,89.6,10.4,2024-11-16 03:35
º≠√Ã,,ø©¿Ø,10000,12000,89.6,10.4,2024-11-16 04:05
º≠√Ã,,ø©¿Ø,10000,12000,89.8,10.2,2024-11-16 04:25
º≠√Ã,,ø©¿Ø,10000,12000,89.6,10.4,2024-11-16 04:35
º≠√Ã,,ø©¿Ø,10000,12000,89.7,10.3,2024-11-16 04:45
º≠√Ã,,ø©¿Ø,10000,12000,89.5,10.5,2024-11-16 04:55
º≠√Ã,,ø©¿Ø,10000,12000,89.6,10.4,2024-11-16 05:05
º≠√Ã,,ø©¿Ø,10000,12000,89.5,10.5,2024-11-16 05:15
º≠√Ã,,ø©¿Ø,10000,12000,89.5,10.5,2024-11-16 05:25
º≠√Ã,,ø©¿Ø,10000,12000,88.8,11.2,2024-11-16 05:45
º≠√Ã,,ø©¿Ø,10000,12000,88.6,11.4,2024-11-16 06:00
º≠√Ã,,ø©¿Ø,10000,12000,87.9,12.1,2024-11-16 06:10
º≠√Ã,,ø©¿Ø,10000,12000,87.4,12.6,2024-11-16 06:20
º≠√Ã,,ø©¿Ø,10000,12000,87.7,12.3,2024-11-16 06:30
º≠√Ã,,ø©¿Ø,10000,12000,87.0,13.0,2024-11-16 06:40
º≠√Ã,,ø©¿Ø,10000,12000,86.4,13.6,2024-11-16 06:50
º≠√Ã,,ø©¿Ø,10000,12000,85.9,14.1,2024-11-16 07:00
º≠√Ã,,ø©¿Ø,10000,12000,84.9,15.1,2024-11-16 07:10
º≠√Ã,,ø©¿Ø,10000,12000,84.1,15.9,2024-11-16 07:20
º≠√Ã,,ø©¿Ø,10000,12000,83.2,16.8,2024-11-16 07:30
º≠√Ã,,ø©¿Ø,10000,12000,82.9,17.1,2024-11-16 07:40
º≠√Ã,,ø©¿Ø,10000,12000,81.8,18.2,2024-11-16 08:00
º≠√Ã,,ø©¿Ø,10000,12000,81.1,18.9,2024-11-16 08:10
º≠√Ã,,ø©¿Ø,10000,12000,80.2,19.8,2024-11-16 08:20
º≠√Ã,,ø©¿Ø,10000,12000,80.5,19.5,2024-11-16 08:30
º≠√Ã,,ø©¿Ø,10000,12000,78.5,21.5,2024-11-16 08:40
º≠√Ã,,ø©¿Ø,10000,12000,77.6,22.4,2024-11-16 08:50
º≠√Ã,,ø©¿Ø,10000,12000,77.0,23.0,2024-11-16 09:00
º≠√Ã,,ø©¿Ø,10000,12000,73.6,26.4,2024-11-16 09:25
º≠√Ã,,ø©¿Ø,10000,12000,72.2,27.8,2024-11-16 09:35
º≠√Ã,,ø©¿Ø,12000,14000,69.9,30.1,2024-11-16 09:45
º≠√Ã,,ø©¿Ø,12000,14000,67.4,32.6,2024-11-16 09:55
º≠√Ã,,ø©¿Ø,12000,14000,65.2,34.8,2024-11-16 10:05
º≠√Ã,,ø©¿Ø,12000,14000,64.2,35.8,2024-11-16 10:15
º≠√Ã,,ø©¿Ø,12000,14000,63.0,37.0,2024-11-16 10:25
º≠√Ã,,ø©¿Ø,12000,14000,61.7,38.3,2024-11-16 10:35
º≠√Ã,,ø©¿Ø,12000,14000,60.5,39.5,2024-11-16 10:45
º≠√Ã,,ø©¿Ø,12000,14000,58.6,41.4,2024-11-16 10:55
º≠√Ã,,ø©¿Ø,12000,14000,57.2,42.8,2024-11-16 11:05
º≠√Ã,,ø©¿Ø,14000,16000,55.3,44.7,2024-11-16 11:15
º≠√Ã,,ø©¿Ø,14000,16000,54.1,45.9,2024-11-16 11:25
º≠√Ã,,ø©¿Ø,14000,16000,52.8,47.2,2024-11-16 11:35
º≠√Ã,,ø©¿Ø,14000,16000,51.9,48.1,2024-11-16 11:45
º≠√Ã,,∫∏≈Î,14000,16000,49.7,50.3,2024-11-16 11:55
º≠√Ã,,∫∏≈Î,16000,18000,46.1,53.9,2024-11-16 12:20
º≠√Ã,,∫∏≈Î,16000,18000,45.6,54.4,2024-11-16 12:30
º≠√Ã,,∫∏≈Î,16000,18000,44.6,55.4,2024-11-16 12:40
º≠√Ã,,æ‡∞£ ∫’∫ˆ,16000,18000,43.7,56.3,2024-11-16 12:50
º≠√Ã,,æ‡∞£ ∫’∫ˆ,16000,18000,42.7,57.3,2024-11-16 13:00
º≠√Ã,,æ‡∞£ ∫’∫ˆ,18000,20000,41.2,58.8,2024-11-16 13:10
º≠√Ã,,æ‡∞£ ∫’∫ˆ,18000,20000,40.7,59.3,2024-11-16 13:20
º≠√Ã,,æ‡∞£ ∫’∫ˆ,18000,20000,40.4,59.6,2024-11-16 13:30
º≠√Ã,,æ‡∞£ ∫’∫ˆ,18000,20000,39.7,60.3,2024-11-16 13:40
º≠√Ã,,æ‡∞£ ∫’∫ˆ,18000,20000,39.3,60.7,2024-11-16 13:50
º≠√Ã,,æ‡∞£ ∫’∫ˆ,18000,20000,38.9,61.1,2024-11-16 14:00
º≠√Ã,,æ‡∞£ ∫’∫ˆ,18000,20000,38.3,61.7,2024-11-16 14:10
º≠√Ã,,æ‡∞£ ∫’∫ˆ,18000,20000,37.5,62.5,2024-11-16 14:20
º≠√Ã,,æ‡∞£ ∫’∫ˆ,18000,20000,37.1,62.9,2024-11-16 14:30
º≠√Ã,,æ‡∞£ ∫’∫ˆ,18000,20000,37.5,62.5,2024-11-16 14:40
º≠√Ã,,æ‡∞£ ∫’∫ˆ,18000,20000,37.4,62.6,2024-11-16 15:05
º≠√Ã,,æ‡∞£ ∫’∫ˆ,18000,20000,38.1,61.9,2024-11-16 15:15
º≠√Ã,,æ‡∞£ ∫’∫ˆ,18000,20000,38.1,61.9,2024-11-16 15:25
º≠√Ã,,æ‡∞£ ∫’∫ˆ,18000,20000,38.4,61.6,2024-11-16 15:35
º≠√Ã,,æ‡∞£ ∫’∫ˆ,18000,20000,37.9,62.1,2024-11-16 15:45
º≠√Ã,,æ‡∞£ ∫’∫ˆ,18000,20000,38.1,61.9,2024-11-16 15:55
º≠√Ã,,æ‡∞£ ∫’∫ˆ,18000,20000,37.7,62.3,2024-11-16 16:05
º≠√Ã,,æ‡∞£ ∫’∫ˆ,18000,20000,38.6,61.4,2024-11-16 16:15
º≠√Ã,,æ‡∞£ ∫’∫ˆ,18000,20000,38.5,61.5,2024-11-16 16:25
º≠√Ã,,æ‡∞£ ∫’∫ˆ,18000,20000,38.8,61.2,2024-11-16 16:35
º≠√Ã,,æ‡∞£ ∫’∫ˆ,18000,20000,39.5,60.5,2024-11-16 16:45
º≠√Ã,,æ‡∞£ ∫’∫ˆ,18000,20000,39.6,60.4,2024-11-16 16:55
º≠√Ã,,æ‡∞£ ∫’∫ˆ,18000,20000,39.6,60.4,2024-11-16 17:05
º≠√Ã,,æ‡∞£ ∫’∫ˆ,18000,20000,40.3,59.7,2024-11-16 17:15
º≠√Ã,,æ‡∞£ ∫’∫ˆ,16000,18000,40.9,59.1,2024-11-16 17:25
º≠√Ã,,æ‡∞£ ∫’∫ˆ,18000,20000,41.1,58.9,2024-11-16 17:40
º≠√Ã,,æ‡∞£ ∫’∫ˆ,16000,18000,41.2,58.8,2024-11-16 17:50
º≠√Ã,,æ‡∞£ ∫’∫ˆ,16000,18000,43.3,56.7,2024-11-16 18:10
º≠√Ã,,∫∏≈Î,16000,18000,44.1,55.9,2024-11-16 18:20
º≠√Ã,,∫∏≈Î,16000,18000,45.7,54.3,2024-11-16 18:30
º≠√Ã,,∫∏≈Î,16000,18000,47.0,53.0,2024-11-16 18:40
º≠√Ã,,∫∏≈Î,16000,18000,47.5,52.5,2024-11-16 18:50
º≠√Ã,,∫∏≈Î,14000,16000,48.5,51.5,2024-11-16 19:00
º≠√Ã,,ø©¿Ø,14000,16000,50.5,49.5,2024-11-16 19:10
º≠√Ã,,ø©¿Ø,14000,16000,52.1,47.9,2024-11-16 19:20
º≠√Ã,,ø©¿Ø,14000,16000,53.8,46.2,2024-11-16 19:30
º≠√Ã,,ø©¿Ø,12000,14000,55.9,44.1,2024-11-16 19:40
º≠√Ã,,ø©¿Ø,12000,14000,57.6,42.4,2024-11-16 19:50
º≠√Ã,,ø©¿Ø,12000,14000,58.9,41.1,2024-11-16 20:00
º≠√Ã,,ø©¿Ø,12000,14000,59.7,40.3,2024-11-16 20:10
º≠√Ã,,ø©¿Ø,12000,14000,61.5,38.5,2024-11-16 20:20
º≠√Ã,,ø©¿Ø,12000,14000,62.5,37.5,2024-11-16 20:30
º≠√Ã,,ø©¿Ø,12000,14000,64.1,35.9,2024-11-16 20:40
º≠√Ã,,ø©¿Ø,12000,14000,65.6,34.4,2024-11-16 20:50
º≠√Ã,,ø©¿Ø,12000,14000,66.8,33.2,2024-11-16 21:00
º≠√Ã,,ø©¿Ø,10000,12000,69.7,30.3,2024-11-16 21:25
º≠√Ã,,ø©¿Ø,10000,12000,71.1,28.9,2024-11-16 21:35
º≠√Ã,,ø©¿Ø,10000,12000,72.8,27.2,2024-11-16 21:45
º≠√Ã,,ø©¿Ø,10000,12000,73.4,26.6,2024-11-16 21:55
º≠√Ã,,ø©¿Ø,10000,12000,74.9,25.1,2024-11-16 22:05
º≠√Ã,,ø©¿Ø,10000,12000,76.4,23.6,2024-11-16 22:15
º≠√Ã,,ø©¿Ø,10000,12000,77.9,22.1,2024-11-16 22:25
º≠√Ã,,ø©¿Ø,10000,12000,78.4,21.6,2024-11-16 22:35
º≠√Ã,,ø©¿Ø,10000,12000,79.4,20.6,2024-11-16 22:45
º≠√Ã,,ø©¿Ø,10000,12000,80.0,20.0,2024-11-16 22:55
º≠√Ã,,ø©¿Ø,10000,12000,80.7,19.3,2024-11-16 23:05
º≠√Ã,,ø©¿Ø,10000,12000,81.4,18.6,2024-11-16 23:25
º≠√Ã,,ø©¿Ø,10000,12000,82.0,18.0,2024-11-16 23:35
º≠√Ã,,ø©¿Ø,10000,12000,84.1,15.9,2024-11-16 23:55
º≠√Ã,,ø©¿Ø,10000,12000,84.6,15.4,2024-11-17 00:05
º≠√Ã,,ø©¿Ø,10000,12000,85.3,14.7,2024-11-17 00:15
º≠√Ã,,ø©¿Ø,10000,12000,86.5,13.5,2024-11-17 00:40
º≠√Ã,,ø©¿Ø,10000,12000,86.6,13.4,2024-11-17 00:50
º≠√Ã,,ø©¿Ø,10000,12000,86.7,13.3,2024-11-17 01:00
º≠√Ã,,ø©¿Ø,10000,12000,86.9,13.1,2024-11-17 01:10
º≠√Ã,,ø©¿Ø,10000,12000,87.0,13.0,2024-11-17 01:20
º≠√Ã,,ø©¿Ø,10000,12000,87.2,12.8,2024-11-17 01:30
º≠√Ã,,ø©¿Ø,10000,12000,87.2,12.8,2024-11-17 01:40
º≠√Ã,,ø©¿Ø,10000,12000,87.9,12.1,2024-11-17 01:50
º≠√Ã,,ø©¿Ø,10000,12000,87.9,12.1,2024-11-17 02:00
º≠√Ã,,ø©¿Ø,10000,12000,87.7,12.3,2024-11-17 02:20
º≠√Ã,,ø©¿Ø,10000,12000,88.0,12.0,2024-11-17 02:30
º≠√Ã,,ø©¿Ø,10000,12000,88.0,12.0,2024-11-17 02:40
º≠√Ã,,ø©¿Ø,10000,12000,88.5,11.5,2024-11-17 03:00
º≠√Ã,,ø©¿Ø,10000,12000,88.5,11.5,2024-11-17 03:10
º≠√Ã,,ø©¿Ø,10000,12000,88.5,11.5,2024-11-17 03:20
º≠√Ã,,ø©¿Ø,10000,12000,88.5,11.5,2024-11-17 03:30
º≠√Ã,,ø©¿Ø,10000,12000,88.6,11.4,2024-11-17 03:40
º≠√Ã,,ø©¿Ø,10000,12000,88.8,11.2,2024-11-17 03:55
º≠√Ã,,ø©¿Ø,10000,12000,88.9,11.1,2024-11-17 04:05
º≠√Ã,,ø©¿Ø,10000,12000,88.6,11.4,2024-11-17 04:15
º≠√Ã,,ø©¿Ø,10000,12000,88.6,11.4,2024-11-17 04:25
º≠√Ã,,ø©¿Ø,10000,12000,88.5,11.5,2024-11-17 04:35
º≠√Ã,,ø©¿Ø,10000,12000,88.5,11.5,2024-11-17 04:55
º≠√Ã,,ø©¿Ø,10000,12000,88.4,11.6,2024-11-17 05:05
º≠√Ã,,ø©¿Ø,10000,12000,88.5,11.5,2024-11-17 05:15
º≠√Ã,,ø©¿Ø,10000,12000,88.5,11.5,2024-11-17 05:25
º≠√Ã,,ø©¿Ø,10000,12000,88.4,11.6,2024-11-17 05:35
º≠√Ã,,ø©¿Ø,10000,12000,88.2,11.8,2024-11-17 05:45
º≠√Ã,,ø©¿Ø,10000,12000,88.3,11.7,2024-11-17 05:55
º≠√Ã,,ø©¿Ø,10000,12000,87.9,12.1,2024-11-17 06:05
º≠√Ã,,ø©¿Ø,10000,12000,88.0,12.0,2024-11-17 06:15
º≠√Ã,,ø©¿Ø,10000,12000,87.7,12.3,2024-11-17 06:25
º≠√Ã,,ø©¿Ø,10000,12000,87.3,12.7,2024-11-17 06:35
º≠√Ã,,ø©¿Ø,10000,12000,87.1,12.9,2024-11-17 06:45
º≠√Ã,,ø©¿Ø,10000,12000,87.0,13.0,2024-11-17 06:55
º≠√Ã,,ø©¿Ø,10000,12000,85.9,14.1,2024-11-17 07:20
º≠√Ã,,ø©¿Ø,10000,12000,85.6,14.4,2024-11-17 07:30
º≠√Ã,,ø©¿Ø,10000,12000,84.9,15.1,2024-11-17 07:40
º≠√Ã,,ø©¿Ø,10000,12000,84.6,15.4,2024-11-17 07:50
º≠√Ã,,ø©¿Ø,10000,12000,83.9,16.1,2024-11-17 08:00
º≠√Ã,,ø©¿Ø,10000,12000,83.7,16.3,2024-11-17 08:10
º≠√Ã,,ø©¿Ø,10000,12000,82.9,17.1,2024-11-17 08:20
º≠√Ã,,ø©¿Ø,10000,12000,82.1,17.9,2024-11-17 08:30
º≠√Ã,,ø©¿Ø,10000,12000,80.8,19.2,2024-11-17 08:40
º≠√Ã,,ø©¿Ø,10000,12000,79.6,20.4,2024-11-17 08:50
º≠√Ã,,ø©¿Ø,10000,12000,79.3,20.7,2024-11-17 09:00
º≠√Ã,,ø©¿Ø,10000,12000,77.8,22.2,2024-11-17 09:10
º≠√Ã,,ø©¿Ø,10000,12000,76.3,23.7,2024-11-17 09:20
º≠√Ã,,ø©¿Ø,10000,12000,75.3,24.7,2024-11-17 09:30
º≠√Ã,,ø©¿Ø,10000,12000,72.8,27.2,2024-11-17 09:40
º≠√Ã,,ø©¿Ø,10000,12000,71.4,28.6,2024-11-17 09:50
º≠√Ã,,ø©¿Ø,12000,14000,69.5,30.5,2024-11-17 10:00
º≠√Ã,,ø©¿Ø,12000,14000,67.6,32.4,2024-11-17 10:10
º≠√Ã,,ø©¿Ø,12000,14000,66.8,33.2,2024-11-17 10:20
º≠√Ã,,ø©¿Ø,12000,14000,64.6,35.4,2024-11-17 10:30
º≠√Ã,,ø©¿Ø,12000,14000,62.8,37.2,2024-11-17 10:45
º≠√Ã,,ø©¿Ø,12000,14000,62.3,37.7,2024-11-17 10:55
º≠√Ã,,ø©¿Ø,12000,14000,59.7,40.3,2024-11-17 11:05
º≠√Ã,,ø©¿Ø,12000,14000,58.6,41.4,2024-11-17 11:15
º≠√Ã,,ø©¿Ø,12000,14000,56.6,43.4,2024-11-17 11:25
º≠√Ã,,ø©¿Ø,14000,16000,55.4,44.6,2024-11-17 11:35
º≠√Ã,,ø©¿Ø,14000,16000,54.4,45.6,2024-11-17 11:45
º≠√Ã,,ø©¿Ø,14000,16000,52.4,47.6,2024-11-17 11:55
º≠√Ã,,ø©¿Ø,14000,16000,52.2,47.8,2024-11-17 12:05
º≠√Ã,,ø©¿Ø,14000,16000,51.7,48.3,2024-11-17 12:15
º≠√Ã,,ø©¿Ø,14000,16000,51.1,48.9,2024-11-17 12:25
º≠√Ã,,ø©¿Ø,14000,16000,50.4,49.6,2024-11-17 12:35
º≠√Ã,,ø©¿Ø,14000,16000,49.7,50.3,2024-11-17 12:45
º≠√Ã,,∫∏≈Î,14000,16000,49.3,50.7,2024-11-17 12:55
º≠√Ã,,∫∏≈Î,14000,16000,48.2,51.8,2024-11-17 13:15
º≠√Ã,,∫∏≈Î,14000,16000,47.7,52.3,2024-11-17 13:25
º≠√Ã,,∫∏≈Î,14000,16000,47.7,52.3,2024-11-17 13:35
º≠√Ã,,∫∏≈Î,16000,18000,46.7,53.3,2024-11-17 13:55
º≠√Ã,,∫∏≈Î,16000,18000,45.0,55.0,2024-11-17 14:20
º≠√Ã,,∫∏≈Î,16000,18000,44.8,55.2,2024-11-17 14:30
º≠√Ã,,∫∏≈Î,16000,18000,44.6,55.4,2024-11-17 14:40
º≠√Ã,,∫∏≈Î,16000,18000,44.5,55.5,2024-11-17 14:50
º≠√Ã,,∫∏≈Î,16000,18000,44.3,55.7,2024-11-17 15:00
º≠√Ã,,∫∏≈Î,16000,18000,44.4,55.6,2024-11-17 15:10
º≠√Ã,,∫∏≈Î,16000,18000,44.6,55.4,2024-11-17 15:20
º≠√Ã,,∫∏≈Î,16000,18000,45.2,54.8,2024-11-17 15:30
º≠√Ã,,∫∏≈Î,16000,18000,45.1,54.9,2024-11-17 15:40
º≠√Ã,,∫∏≈Î,16000,18000,45.5,54.5,2024-11-17 15:50
º≠√Ã,,∫∏≈Î,16000,18000,46.1,53.9,2024-11-17 16:00
º≠√Ã,,∫∏≈Î,16000,18000,45.8,54.2,2024-11-17 16:10
º≠√Ã,,∫∏≈Î,16000,18000,46.9,53.1,2024-11-17 16:20
º≠√Ã,,∫∏≈Î,14000,16000,47.8,52.2,2024-11-17 16:30
º≠√Ã,,∫∏≈Î,14000,16000,47.8,52.2,2024-11-17 16:40
º≠√Ã,,∫∏≈Î,14000,16000,48.7,51.3,2024-11-17 16:50
º≠√Ã,,ø©¿Ø,14000,16000,51.2,48.8,2024-11-17 17:15
º≠√Ã,,ø©¿Ø,14000,16000,52.1,47.9,2024-11-17 17:25
º≠√Ã,,ø©¿Ø,14000,16000,52.6,47.4,2024-11-17 17:35
º≠√Ã,,ø©¿Ø,14000,16000,53.7,46.3,2024-11-17 17:45
º≠√Ã,,ø©¿Ø,14000,16000,54.8,45.2,2024-11-17 17:55
º≠√Ã,,ø©¿Ø,14000,16000,55.2,44.8,2024-11-17 18:05
º≠√Ã,,ø©¿Ø,12000,14000,57.4,42.6,2024-11-17 18:25
º≠√Ã,,ø©¿Ø,12000,14000,59.2,40.8,2024-11-17 18:35
º≠√Ã,,ø©¿Ø,12000,14000,60.1,39.9,2024-11-17 18:45
º≠√Ã,,ø©¿Ø,12000,14000,61.0,39.0,2024-11-17 18:55
º≠√Ã,,ø©¿Ø,12000,14000,62.3,37.7,2024-11-17 19:05
º≠√Ã,,ø©¿Ø,12000,14000,65.1,34.9,2024-11-17 19:25
º≠√Ã,,ø©¿Ø,12000,14000,66.6,33.4,2024-11-17 19:35
º≠√Ã,,ø©¿Ø,12000,14000,67.8,32.2,2024-11-17 19:45
º≠√Ã,,ø©¿Ø,12000,14000,68.6,31.4,2024-11-17 19:55
º≠√Ã,,ø©¿Ø,12000,14000,70.4,29.6,2024-11-17 20:10
º≠√Ã,,ø©¿Ø,12000,14000,70.8,29.2,2024-11-17 20:20
º≠√Ã,,ø©¿Ø,12000,14000,72.8,27.2,2024-11-17 20:30
º≠√Ã,,ø©¿Ø,10000,12000,73.3,26.7,2024-11-17 20:40
º≠√Ã,,ø©¿Ø,10000,12000,74.5,25.5,2024-11-17 20:50
º≠√Ã,,ø©¿Ø,10000,12000,75.5,24.5,2024-11-17 21:00
º≠√Ã,,ø©¿Ø,10000,12000,76.8,23.2,2024-11-17 21:10
º≠√Ã,,ø©¿Ø,10000,12000,78.1,21.9,2024-11-17 21:20
º≠√Ã,,ø©¿Ø,10000,12000,79.0,21.0,2024-11-17 21:30
º≠√Ã,,ø©¿Ø,10000,12000,80.1,19.9,2024-11-17 21:40
º≠√Ã,,ø©¿Ø,10000,12000,81.3,18.7,2024-11-17 21:50
º≠√Ã,,ø©¿Ø,10000,12000,81.7,18.3,2024-11-17 22:00
º≠√Ã,,ø©¿Ø,10000,12000,83.0,17.0,2024-11-17 22:10
º≠√Ã,,ø©¿Ø,10000,12000,84.3,15.7,2024-11-17 22:20
º≠√Ã,,ø©¿Ø,10000,12000,85.1,14.9,2024-11-17 22:30
º≠√Ã,,ø©¿Ø,10000,12000,86.2,13.8,2024-11-17 22:40
º≠√Ã,,ø©¿Ø,10000,12000,87.8,12.2,2024-11-17 23:05
º≠√Ã,,ø©¿Ø,10000,12000,89.0,11.0,2024-11-17 23:25
º≠√Ã,,ø©¿Ø,10000,12000,88.4,11.6,2024-11-17 23:35
º≠√Ã,,ø©¿Ø,10000,12000,89.6,10.4,2024-11-17 23:45
º≠√Ã,,ø©¿Ø,10000,12000,90.2,9.8,2024-11-17 23:55
º≠√Ã,,ø©¿Ø,10000,12000,90.9,9.1,2024-11-18 00:05
º≠√Ã,,ø©¿Ø,10000,12000,91.1,8.9,2024-11-18 00:15
º≠√Ã,,ø©¿Ø,10000,12000,91.4,8.6,2024-11-18 00:25
º≠√Ã,,ø©¿Ø,10000,12000,91.7,8.3,2024-11-18 00:35
º≠√Ã,,ø©¿Ø,10000,12000,92.0,8.0,2024-11-18 00:45
º≠√Ã,,ø©¿Ø,10000,12000,92.1,7.9,2024-11-18 01:05
º≠√Ã,,ø©¿Ø,10000,12000,92.1,7.9,2024-11-18 01:15
º≠√Ã,,ø©¿Ø,10000,12000,92.2,7.8,2024-11-18 01:25
º≠√Ã,,ø©¿Ø,10000,12000,92.3,7.7,2024-11-18 01:35
º≠√Ã,,ø©¿Ø,10000,12000,92.2,7.8,2024-11-18 01:45
º≠√Ã,,ø©¿Ø,10000,12000,92.3,7.7,2024-11-18 01:55
º≠√Ã,,ø©¿Ø,10000,12000,92.2,7.8,2024-11-18 02:05
º≠√Ã,,ø©¿Ø,10000,12000,92.2,7.8,2024-11-18 02:20
º≠√Ã,,ø©¿Ø,10000,12000,92.3,7.7,2024-11-18 02:30
º≠√Ã,,ø©¿Ø,10000,12000,92.5,7.5,2024-11-18 02:40
º≠√Ã,,ø©¿Ø,10000,12000,92.6,7.4,2024-11-18 02:50
º≠√Ã,,ø©¿Ø,10000,12000,92.5,7.5,2024-11-18 03:00
º≠√Ã,,ø©¿Ø,10000,12000,92.5,7.5,2024-11-18 03:20
º≠√Ã,,ø©¿Ø,10000,12000,92.6,7.4,2024-11-18 03:30
º≠√Ã,,ø©¿Ø,10000,12000,92.6,7.4,2024-11-18 03:40
º≠√Ã,,ø©¿Ø,10000,12000,92.5,7.5,2024-11-18 03:50
º≠√Ã,,ø©¿Ø,10000,12000,92.7,7.3,2024-11-18 04:00
º≠√Ã,,ø©¿Ø,10000,12000,92.3,7.7,2024-11-18 04:10
º≠√Ã,,ø©¿Ø,10000,12000,92.3,7.7,2024-11-18 04:20
º≠√Ã,,ø©¿Ø,10000,12000,92.1,7.9,2024-11-18 04:30
º≠√Ã,,ø©¿Ø,10000,12000,92.1,7.9,2024-11-18 04:40
º≠√Ã,,ø©¿Ø,10000,12000,92.0,8.0,2024-11-18 04:50
º≠√Ã,,ø©¿Ø,10000,12000,91.7,8.3,2024-11-18 05:00
º≠√Ã,,ø©¿Ø,10000,12000,92.0,8.0,2024-11-18 05:10
º≠√Ã,,ø©¿Ø,10000,12000,91.6,8.4,2024-11-18 05:20
º≠√Ã,,ø©¿Ø,10000,12000,91.2,8.8,2024-11-18 05:30
º≠√Ã,,ø©¿Ø,10000,12000,90.9,9.1,2024-11-18 05:45
º≠√Ã,,ø©¿Ø,10000,12000,90.8,9.2,2024-11-18 05:55
º≠√Ã,,ø©¿Ø,10000,12000,89.7,10.3,2024-11-18 06:05
º≠√Ã,,ø©¿Ø,10000,12000,89.4,10.6,2024-11-18 06:15
º≠√Ã,,ø©¿Ø,10000,12000,88.6,11.4,2024-11-18 06:25
º≠√Ã,,ø©¿Ø,10000,12000,87.7,12.3,2024-11-18 06:35
º≠√Ã,,ø©¿Ø,10000,12000,87.1,12.9,2024-11-18 06:45
º≠√Ã,,ø©¿Ø,10000,12000,85.8,14.2,2024-11-18 06:55
º≠√Ã,,ø©¿Ø,10000,12000,81.1,18.9,2024-11-18 07:25
º≠√Ã,,ø©¿Ø,10000,12000,80.0,20.0,2024-11-18 07:35
º≠√Ã,,ø©¿Ø,10000,12000,75.2,24.8,2024-11-18 07:45
º≠√Ã,,ø©¿Ø,10000,12000,71.6,28.4,2024-11-18 08:05
º≠√Ã,,ø©¿Ø,12000,14000,69.0,31.0,2024-11-18 08:15
º≠√Ã,,ø©¿Ø,12000,14000,67.9,32.1,2024-11-18 08:25
º≠√Ã,,ø©¿Ø,12000,14000,66.4,33.6,2024-11-18 08:35
º≠√Ã,,ø©¿Ø,12000,14000,67.0,33.0,2024-11-18 08:45
º≠√Ã,,ø©¿Ø,12000,14000,66.7,33.3,2024-11-18 08:55
º≠√Ã,,ø©¿Ø,12000,14000,67.0,33.0,2024-11-18 09:05
º≠√Ã,,ø©¿Ø,12000,14000,66.2,33.8,2024-11-18 09:25
º≠√Ã,,ø©¿Ø,12000,14000,65.0,35.0,2024-11-18 09:35
º≠√Ã,,ø©¿Ø,14000,16000,63.9,36.1,2024-11-18 10:00
º≠√Ã,,ø©¿Ø,14000,16000,63.7,36.3,2024-11-18 10:10
º≠√Ã,,ø©¿Ø,14000,16000,62.4,37.6,2024-11-18 10:20
º≠√Ã,,ø©¿Ø,14000,16000,62.0,38.0,2024-11-18 10:30
º≠√Ã,,ø©¿Ø,14000,16000,61.9,38.1,2024-11-18 10:40
º≠√Ã,,ø©¿Ø,14000,16000,61.8,38.2,2024-11-18 10:50
º≠√Ã,,ø©¿Ø,14000,16000,61.3,38.7,2024-11-18 11:00
º≠√Ã,,ø©¿Ø,14000,16000,60.7,39.3,2024-11-18 11:10
º≠√Ã,,ø©¿Ø,14000,16000,60.4,39.6,2024-11-18 11:20
º≠√Ã,,ø©¿Ø,14000,16000,59.8,40.2,2024-11-18 11:30
º≠√Ã,,ø©¿Ø,14000,16000,59.4,40.6,2024-11-18 11:40
º≠√Ã,,ø©¿Ø,14000,16000,58.7,41.3,2024-11-18 11:50
º≠√Ã,,∫∏≈Î,14000,16000,58.2,41.8,2024-11-18 12:00
º≠√Ã,,∫∏≈Î,14000,16000,57.4,42.6,2024-11-18 12:15
º≠√Ã,,∫∏≈Î,14000,16000,57.5,42.5,2024-11-18 12:25
º≠√Ã,,∫∏≈Î,14000,16000,57.2,42.8,2024-11-18 12:35
º≠√Ã,,∫∏≈Î,14000,16000,57.1,42.9,2024-11-18 12:45
º≠√Ã,,∫∏≈Î,14000,16000,57.5,42.5,2024-11-18 12:55
º≠√Ã,,∫∏≈Î,14000,16000,57.1,42.9,2024-11-18 13:05
º≠√Ã,,∫∏≈Î,14000,16000,57.6,42.4,2024-11-18 13:15
º≠√Ã,,∫∏≈Î,14000,16000,57.1,42.9,2024-11-18 13:45
º≠√Ã,,∫∏≈Î,14000,16000,57.5,42.5,2024-11-18 13:55
º≠√Ã,,ø©¿Ø,14000,16000,58.3,41.7,2024-11-18 14:05
º≠√Ã,,ø©¿Ø,14000,16000,58.1,41.9,2024-11-18 14:15
º≠√Ã,,ø©¿Ø,14000,16000,57.9,42.1,2024-11-18 14:25
º≠√Ã,,ø©¿Ø,14000,16000,58.1,41.9,2024-11-18 14:35
º≠√Ã,,ø©¿Ø,14000,16000,58.1,41.9,2024-11-18 14:45
º≠√Ã,,ø©¿Ø,14000,16000,58.0,42.0,2024-11-18 15:00
º≠√Ã,,ø©¿Ø,14000,16000,58.6,41.4,2024-11-18 15:10
º≠√Ã,,ø©¿Ø,14000,16000,58.4,41.6,2024-11-18 15:20
º≠√Ã,,ø©¿Ø,14000,16000,59.3,40.7,2024-11-18 15:40
º≠√Ã,,ø©¿Ø,14000,16000,59.6,40.4,2024-11-18 15:50
º≠√Ã,,ø©¿Ø,14000,16000,60.1,39.9,2024-11-18 16:00
º≠√Ã,,ø©¿Ø,14000,16000,61.0,39.0,2024-11-18 16:10
º≠√Ã,,ø©¿Ø,14000,16000,61.1,38.9,2024-11-18 16:20
º≠√Ã,,ø©¿Ø,12000,14000,62.5,37.5,2024-11-18 16:30
º≠√Ã,,ø©¿Ø,12000,14000,63.6,36.4,2024-11-18 16:40
º≠√Ã,,ø©¿Ø,12000,14000,63.9,36.1,2024-11-18 17:00
º≠√Ã,,ø©¿Ø,12000,14000,65.3,34.7,2024-11-18 17:10
º≠√Ã,,ø©¿Ø,12000,14000,64.3,35.7,2024-11-18 17:20
º≠√Ã,,ø©¿Ø,12000,14000,65.7,34.3,2024-11-18 17:40
º≠√Ã,,ø©¿Ø,12000,14000,65.9,34.1,2024-11-18 17:50
º≠√Ã,,ø©¿Ø,12000,14000,65.4,34.6,2024-11-18 18:05
º≠√Ã,,ø©¿Ø,12000,14000,65.3,34.7,2024-11-18 18:15
º≠√Ã,,ø©¿Ø,12000,14000,63.9,36.1,2024-11-18 18:25
º≠√Ã,,ø©¿Ø,12000,14000,64.7,35.3,2024-11-18 18:35
º≠√Ã,,ø©¿Ø,12000,14000,64.8,35.2,2024-11-18 18:45
º≠√Ã,,ø©¿Ø,10000,12000,66.3,33.7,2024-11-18 18:55
º≠√Ã,,ø©¿Ø,10000,12000,66.1,33.9,2024-11-18 19:05
º≠√Ã,,ø©¿Ø,10000,12000,67.2,32.8,2024-11-18 19:25
º≠√Ã,,ø©¿Ø,10000,12000,68.5,31.5,2024-11-18 19:45
º≠√Ã,,ø©¿Ø,10000,12000,69.9,30.1,2024-11-18 19:55
º≠√Ã,,ø©¿Ø,10000,12000,70.3,29.7,2024-11-18 20:05
º≠√Ã,,ø©¿Ø,10000,12000,70.8,29.2,2024-11-18 20:15
º≠√Ã,,ø©¿Ø,10000,12000,71.9,28.1,2024-11-18 20:25
º≠√Ã,,ø©¿Ø,10000,12000,72.7,27.3,2024-11-18 20:35
º≠√Ã,,ø©¿Ø,10000,12000,73.2,26.8,2024-11-18 20:45
º≠√Ã,,ø©¿Ø,10000,12000,75.8,24.2,2024-11-18 21:05
º≠√Ã,,ø©¿Ø,10000,12000,76.7,23.3,2024-11-18 21:15
º≠√Ã,,ø©¿Ø,10000,12000,77.4,22.6,2024-11-18 21:25
º≠√Ã,,ø©¿Ø,10000,12000,77.9,22.1,2024-11-18 21:35
º≠√Ã,,ø©¿Ø,10000,12000,80.2,19.8,2024-11-18 22:00
º≠√Ã,,ø©¿Ø,10000,12000,81.5,18.5,2024-11-18 22:10
º≠√Ã,,ø©¿Ø,10000,12000,82.8,17.2,2024-11-18 22:20
º≠√Ã,,ø©¿Ø,10000,12000,83.1,16.9,2024-11-18 22:30
º≠√Ã,,ø©¿Ø,10000,12000,84.8,15.2,2024-11-18 22:40
º≠√Ã,,ø©¿Ø,10000,12000,85.4,14.6,2024-11-18 22:50
º≠√Ã,,ø©¿Ø,10000,12000,86.4,13.6,2024-11-18 23:00
º≠√Ã,,ø©¿Ø,10000,12000,86.9,13.1,2024-11-18 23:10
º≠√Ã,,ø©¿Ø,10000,12000,87.3,12.7,2024-11-18 23:20
º≠√Ã,,ø©¿Ø,10000,12000,87.5,12.5,2024-11-18 23:30
º≠√Ã,,ø©¿Ø,10000,12000,86.6,13.4,2024-11-18 23:40
º≠√Ã,,ø©¿Ø,10000,12000,88.7,11.3,2024-11-18 23:50
º≠√Ã,,ø©¿Ø,10000,12000,88.7,11.3,2024-11-19 00:00
º≠√Ã,,ø©¿Ø,10000,12000,88.6,11.4,2024-11-19 00:10
º≠√Ã,,ø©¿Ø,10000,12000,89.5,10.5,2024-11-19 00:20
º≠√Ã,,ø©¿Ø,10000,12000,89.4,10.6,2024-11-19 00:30
º≠√Ã,,ø©¿Ø,10000,12000,89.9,10.1,2024-11-19 00:40
º≠√Ã,,ø©¿Ø,10000,12000,89.9,10.1,2024-11-19 00:50
º≠√Ã,,ø©¿Ø,10000,12000,90.2,9.8,2024-11-19 01:05
º≠√Ã,,ø©¿Ø,10000,12000,90.5,9.5,2024-11-19 01:15
º≠√Ã,,ø©¿Ø,10000,12000,90.7,9.3,2024-11-19 01:25
º≠√Ã,,ø©¿Ø,10000,12000,91.7,8.3,2024-11-19 01:35
º≠√Ã,,ø©¿Ø,10000,12000,91.8,8.2,2024-11-19 01:45
º≠√Ã,,ø©¿Ø,10000,12000,92.2,7.8,2024-11-19 02:05
º≠√Ã,,ø©¿Ø,10000,12000,92.2,7.8,2024-11-19 02:15
º≠√Ã,,ø©¿Ø,10000,12000,92.3,7.7,2024-11-19 02:25
º≠√Ã,,ø©¿Ø,10000,12000,92.1,7.9,2024-11-19 02:35
º≠√Ã,,ø©¿Ø,10000,12000,92.2,7.8,2024-11-19 02:45
º≠√Ã,,ø©¿Ø,10000,12000,92.2,7.8,2024-11-19 02:55
º≠√Ã,,ø©¿Ø,10000,12000,92.2,7.8,2024-11-19 03:05
º≠√Ã,,ø©¿Ø,10000,12000,92.1,7.9,2024-11-19 03:15
º≠√Ã,,ø©¿Ø,10000,12000,92.3,7.7,2024-11-19 03:25
º≠√Ã,,ø©¿Ø,10000,12000,92.2,7.8,2024-11-19 03:35
º≠√Ã,,ø©¿Ø,10000,12000,92.6,7.4,2024-11-19 03:45
º≠√Ã,,ø©¿Ø,10000,12000,92.3,7.7,2024-11-19 03:55
º≠√Ã,,ø©¿Ø,10000,12000,92.4,7.6,2024-11-19 04:20
º≠√Ã,,ø©¿Ø,10000,12000,92.3,7.7,2024-11-19 04:30
º≠√Ã,,ø©¿Ø,10000,12000,92.2,7.8,2024-11-19 04:40
º≠√Ã,,ø©¿Ø,10000,12000,91.7,8.3,2024-11-19 04:50
º≠√Ã,,ø©¿Ø,10000,12000,91.9,8.1,2024-11-19 05:00
º≠√Ã,,ø©¿Ø,10000,12000,91.5,8.5,2024-11-19 05:10
º≠√Ã,,ø©¿Ø,10000,12000,91.4,8.6,2024-11-19 05:20
º≠√Ã,,ø©¿Ø,10000,12000,91.2,8.8,2024-11-19 05:30
º≠√Ã,,ø©¿Ø,10000,12000,90.7,9.3,2024-11-19 05:40
º≠√Ã,,ø©¿Ø,10000,12000,90.1,9.9,2024-11-19 05:50
º≠√Ã,,ø©¿Ø,10000,12000,89.8,10.2,2024-11-19 06:00
º≠√Ã,,ø©¿Ø,10000,12000,89.6,10.4,2024-11-19 06:10
º≠√Ã,,ø©¿Ø,10000,12000,88.3,11.7,2024-11-19 06:20
º≠√Ã,,ø©¿Ø,10000,12000,88.4,11.6,2024-11-19 06:30
º≠√Ã,,ø©¿Ø,10000,12000,87.3,12.7,2024-11-19 06:40
º≠√Ã,,ø©¿Ø,10000,12000,86.0,14.0,2024-11-19 06:50
º≠√Ã,,ø©¿Ø,10000,12000,84.3,15.7,2024-11-19 07:00
º≠√Ã,,ø©¿Ø,10000,12000,80.6,19.4,2024-11-19 07:25
º≠√Ã,,ø©¿Ø,10000,12000,78.4,21.6,2024-11-19 07:35
º≠√Ã,,ø©¿Ø,10000,12000,75.7,24.3,2024-11-19 07:45
º≠√Ã,,ø©¿Ø,10000,12000,73.6,26.4,2024-11-19 07:55
º≠√Ã,,ø©¿Ø,10000,12000,71.5,28.5,2024-11-19 08:05
º≠√Ã,,ø©¿Ø,12000,14000,69.3,30.7,2024-11-19 08:15
º≠√Ã,,ø©¿Ø,12000,14000,68.6,31.4,2024-11-19 08:25
º≠√Ã,,ø©¿Ø,12000,14000,67.4,32.6,2024-11-19 08:35
º≠√Ã,,ø©¿Ø,12000,14000,66.4,33.6,2024-11-19 08:45
º≠√Ã,,ø©¿Ø,12000,14000,66.9,33.1,2024-11-19 08:55
º≠√Ã,,ø©¿Ø,12000,14000,66.3,33.7,2024-11-19 09:05
º≠√Ã,,ø©¿Ø,12000,14000,66.1,33.9,2024-11-19 09:15
º≠√Ã,,ø©¿Ø,12000,14000,66.1,33.9,2024-11-19 09:25
º≠√Ã,,ø©¿Ø,12000,14000,65.9,34.1,2024-11-19 09:35
º≠√Ã,,ø©¿Ø,12000,14000,65.2,34.8,2024-11-19 09:45
º≠√Ã,,ø©¿Ø,12000,14000,64.8,35.2,2024-11-19 09:55
º≠√Ã,,ø©¿Ø,14000,16000,64.2,35.8,2024-11-19 10:05
º≠√Ã,,ø©¿Ø,14000,16000,63.7,36.3,2024-11-19 10:15
º≠√Ã,,ø©¿Ø,14000,16000,63.1,36.9,2024-11-19 10:25
º≠√Ã,,ø©¿Ø,14000,16000,62.2,37.8,2024-11-19 10:50
º≠√Ã,,ø©¿Ø,14000,16000,61.9,38.1,2024-11-19 11:00
º≠√Ã,,ø©¿Ø,14000,16000,61.3,38.7,2024-11-19 11:10
º≠√Ã,,ø©¿Ø,14000,16000,60.7,39.3,2024-11-19 11:20
º≠√Ã,,ø©¿Ø,14000,16000,59.9,40.1,2024-11-19 11:30
º≠√Ã,,ø©¿Ø,14000,16000,59.4,40.6,2024-11-19 11:40
º≠√Ã,,∫∏≈Î,14000,16000,58.1,41.9,2024-11-19 11:50
º≠√Ã,,∫∏≈Î,14000,16000,57.9,42.1,2024-11-19 12:00
º≠√Ã,,∫∏≈Î,16000,18000,56.4,43.6,2024-11-19 12:10
º≠√Ã,,∫∏≈Î,16000,18000,56.4,43.6,2024-11-19 12:20
º≠√Ã,,∫∏≈Î,16000,18000,56.5,43.5,2024-11-19 12:30
º≠√Ã,,∫∏≈Î,16000,18000,56.7,43.3,2024-11-19 12:40
º≠√Ã,,∫∏≈Î,14000,16000,57.0,43.0,2024-11-19 12:55
º≠√Ã,,∫∏≈Î,14000,16000,57.2,42.8,2024-11-19 13:05
º≠√Ã,,∫∏≈Î,14000,16000,57.1,42.9,2024-11-19 13:15
º≠√Ã,,∫∏≈Î,14000,16000,56.7,43.3,2024-11-19 13:25
º≠√Ã,,∫∏≈Î,14000,16000,57.1,42.9,2024-11-19 13:35
º≠√Ã,,∫∏≈Î,14000,16000,57.1,42.9,2024-11-19 13:45
º≠√Ã,,ø©¿Ø,14000,16000,57.3,42.7,2024-11-19 13:55
º≠√Ã,,∫∏≈Î,14000,16000,57.2,42.8,2024-11-19 14:05
º≠√Ã,,ø©¿Ø,14000,16000,57.4,42.6,2024-11-19 14:15
º≠√Ã,,ø©¿Ø,14000,16000,57.5,42.5,2024-11-19 14:40
º≠√Ã,,ø©¿Ø,14000,16000,57.8,42.2,2024-11-19 14:50
º≠√Ã,,ø©¿Ø,14000,16000,58.4,41.6,2024-11-19 15:00
º≠√Ã,,ø©¿Ø,14000,16000,58.4,41.6,2024-11-19 15:10
º≠√Ã,,ø©¿Ø,14000,16000,58.4,41.6,2024-11-19 15:20
º≠√Ã,,ø©¿Ø,14000,16000,58.5,41.5,2024-11-19 15:30
º≠√Ã,,ø©¿Ø,14000,16000,59.4,40.6,2024-11-19 15:40
º≠√Ã,,ø©¿Ø,14000,16000,59.7,40.3,2024-11-19 15:50
º≠√Ã,,ø©¿Ø,14000,16000,60.0,40.0,2024-11-19 16:00
º≠√Ã,,ø©¿Ø,14000,16000,59.2,40.8,2024-11-19 16:10
º≠√Ã,,ø©¿Ø,14000,16000,60.6,39.4,2024-11-19 16:20
º≠√Ã,,ø©¿Ø,14000,16000,61.3,38.7,2024-11-19 16:30
º≠√Ã,,ø©¿Ø,14000,16000,61.7,38.3,2024-11-19 16:40
º≠√Ã,,ø©¿Ø,14000,16000,61.9,38.1,2024-11-19 16:50
º≠√Ã,,ø©¿Ø,14000,16000,62.0,38.0,2024-11-19 17:00
º≠√Ã,,ø©¿Ø,12000,14000,63.0,37.0,2024-11-19 17:15
º≠√Ã,,ø©¿Ø,12000,14000,64.2,35.8,2024-11-19 17:25
º≠√Ã,,ø©¿Ø,12000,14000,64.4,35.6,2024-11-19 17:35
º≠√Ã,,ø©¿Ø,12000,14000,64.4,35.6,2024-11-19 17:45
º≠√Ã,,ø©¿Ø,12000,14000,64.0,36.0,2024-11-19 17:55
º≠√Ã,,ø©¿Ø,12000,14000,64.3,35.7,2024-11-19 18:05
º≠√Ã,,ø©¿Ø,12000,14000,63.0,37.0,2024-11-19 18:15
º≠√Ã,,ø©¿Ø,12000,14000,62.2,37.8,2024-11-19 18:25
º≠√Ã,,ø©¿Ø,12000,14000,62.4,37.6,2024-11-19 18:35
º≠√Ã,,ø©¿Ø,12000,14000,62.0,38.0,2024-11-19 18:45
º≠√Ã,,ø©¿Ø,12000,14000,62.5,37.5,2024-11-19 18:55
º≠√Ã,,ø©¿Ø,12000,14000,63.4,36.6,2024-11-19 19:05
º≠√Ã,,ø©¿Ø,12000,14000,63.8,36.2,2024-11-19 19:25
º≠√Ã,,ø©¿Ø,12000,14000,64.5,35.5,2024-11-19 19:35
º≠√Ã,,ø©¿Ø,10000,12000,66.7,33.3,2024-11-19 20:00
º≠√Ã,,ø©¿Ø,10000,12000,67.5,32.5,2024-11-19 20:10
º≠√Ã,,ø©¿Ø,10000,12000,67.5,32.5,2024-11-19 20:20
º≠√Ã,,ø©¿Ø,10000,12000,68.7,31.3,2024-11-19 20:30
º≠√Ã,,ø©¿Ø,10000,12000,70.4,29.6,2024-11-19 20:40
º≠√Ã,,ø©¿Ø,10000,12000,72.0,28.0,2024-11-19 20:50
º≠√Ã,,ø©¿Ø,10000,12000,71.2,28.8,2024-11-19 21:00
º≠√Ã,,ø©¿Ø,10000,12000,72.8,27.2,2024-11-19 21:10
º≠√Ã,,ø©¿Ø,10000,12000,75.2,24.8,2024-11-19 21:30
º≠√Ã,,ø©¿Ø,10000,12000,76.4,23.6,2024-11-19 21:40
º≠√Ã,,ø©¿Ø,10000,12000,78.4,21.6,2024-11-19 22:00
º≠√Ã,,ø©¿Ø,10000,12000,79.5,20.5,2024-11-19 22:10
º≠√Ã,,ø©¿Ø,10000,12000,80.8,19.2,2024-11-19 22:20
º≠√Ã,,ø©¿Ø,10000,12000,81.6,18.4,2024-11-19 22:30
º≠√Ã,,ø©¿Ø,10000,12000,83.9,16.1,2024-11-19 22:40
º≠√Ã,,ø©¿Ø,10000,12000,84.2,15.8,2024-11-19 22:50
º≠√Ã,,ø©¿Ø,10000,12000,84.9,15.1,2024-11-19 23:00
º≠√Ã,,ø©¿Ø,10000,12000,85.6,14.4,2024-11-19 23:10
º≠√Ã,,ø©¿Ø,10000,12000,88.0,12.0,2024-11-19 23:35
º≠√Ã,,ø©¿Ø,10000,12000,88.5,11.5,2024-11-19 23:45
º≠√Ã,,ø©¿Ø,10000,12000,88.6,11.4,2024-11-19 23:55
º≠√Ã,,ø©¿Ø,10000,12000,89.3,10.7,2024-11-20 00:05
º≠√Ã,,ø©¿Ø,10000,12000,90.0,10.0,2024-11-20 00:25
º≠√Ã,,ø©¿Ø,10000,12000,90.3,9.7,2024-11-20 00:35
º≠√Ã,,ø©¿Ø,10000,12000,90.4,9.6,2024-11-20 00:45
º≠√Ã,,ø©¿Ø,10000,12000,91.0,9.0,2024-11-20 00:55
º≠√Ã,,ø©¿Ø,10000,12000,90.5,9.5,2024-11-20 01:05
º≠√Ã,,ø©¿Ø,10000,12000,90.4,9.6,2024-11-20 01:15
º≠√Ã,,ø©¿Ø,10000,12000,90.6,9.4,2024-11-20 01:25
º≠√Ã,,ø©¿Ø,10000,12000,91.1,8.9,2024-11-20 01:35
º≠√Ã,,ø©¿Ø,10000,12000,91.2,8.8,2024-11-20 01:45
º≠√Ã,,ø©¿Ø,10000,12000,91.3,8.7,2024-11-20 01:55
º≠√Ã,,ø©¿Ø,10000,12000,91.4,8.6,2024-11-20 02:05
º≠√Ã,,ø©¿Ø,10000,12000,91.6,8.4,2024-11-20 02:15
º≠√Ã,,ø©¿Ø,10000,12000,91.6,8.4,2024-11-20 02:25
º≠√Ã,,ø©¿Ø,10000,12000,91.8,8.2,2024-11-20 02:50
º≠√Ã,,ø©¿Ø,10000,12000,91.6,8.4,2024-11-20 03:00
º≠√Ã,,ø©¿Ø,10000,12000,91.5,8.5,2024-11-20 03:10
º≠√Ã,,ø©¿Ø,10000,12000,91.7,8.3,2024-11-20 03:20
º≠√Ã,,ø©¿Ø,10000,12000,91.8,8.2,2024-11-20 03:30
º≠√Ã,,ø©¿Ø,10000,12000,91.8,8.2,2024-11-20 03:40
º≠√Ã,,ø©¿Ø,10000,12000,91.9,8.1,2024-11-20 03:50
º≠√Ã,,ø©¿Ø,10000,12000,91.5,8.5,2024-11-20 04:00
º≠√Ã,,ø©¿Ø,10000,12000,91.6,8.4,2024-11-20 04:10
º≠√Ã,,ø©¿Ø,10000,12000,91.7,8.3,2024-11-20 04:20
º≠√Ã,,ø©¿Ø,10000,12000,91.5,8.5,2024-11-20 04:30
º≠√Ã,,ø©¿Ø,10000,12000,91.5,8.5,2024-11-20 04:40
º≠√Ã,,ø©¿Ø,10000,12000,91.0,9.0,2024-11-20 04:50
º≠√Ã,,ø©¿Ø,10000,12000,91.4,8.6,2024-11-20 05:00
º≠√Ã,,ø©¿Ø,10000,12000,91.1,8.9,2024-11-20 05:10
º≠√Ã,,ø©¿Ø,10000,12000,90.9,9.1,2024-11-20 05:20
º≠√Ã,,ø©¿Ø,10000,12000,89.9,10.1,2024-11-20 05:45
º≠√Ã,,ø©¿Ø,10000,12000,89.6,10.4,2024-11-20 05:55
º≠√Ã,,ø©¿Ø,10000,12000,89.7,10.3,2024-11-20 06:05
º≠√Ã,,ø©¿Ø,10000,12000,88.2,11.8,2024-11-20 06:15
º≠√Ã,,ø©¿Ø,10000,12000,88.5,11.5,2024-11-20 06:25
º≠√Ã,,ø©¿Ø,10000,12000,86.8,13.2,2024-11-20 06:35
º≠√Ã,,ø©¿Ø,10000,12000,86.6,13.4,2024-11-20 06:45
º≠√Ã,,ø©¿Ø,10000,12000,85.2,14.8,2024-11-20 06:55
º≠√Ã,,ø©¿Ø,10000,12000,84.3,15.7,2024-11-20 07:05
º≠√Ã,,ø©¿Ø,10000,12000,82.0,18.0,2024-11-20 07:15
º≠√Ã,,ø©¿Ø,10000,12000,81.3,18.7,2024-11-20 07:25
º≠√Ã,,ø©¿Ø,10000,12000,79.3,20.7,2024-11-20 07:35
º≠√Ã,,ø©¿Ø,10000,12000,76.4,23.6,2024-11-20 07:45
º≠√Ã,,ø©¿Ø,10000,12000,73.4,26.6,2024-11-20 07:55
º≠√Ã,,ø©¿Ø,12000,14000,71.0,29.0,2024-11-20 08:05
º≠√Ã,,ø©¿Ø,12000,14000,69.8,30.2,2024-11-20 08:15
º≠√Ã,,ø©¿Ø,12000,14000,69.1,30.9,2024-11-20 08:25
º≠√Ã,,ø©¿Ø,12000,14000,67.8,32.2,2024-11-20 08:35
º≠√Ã,,ø©¿Ø,12000,14000,66.8,33.2,2024-11-20 08:45
º≠√Ã,,ø©¿Ø,12000,14000,66.6,33.4,2024-11-20 09:10
º≠√Ã,,ø©¿Ø,12000,14000,66.3,33.7,2024-11-20 09:20
º≠√Ã,,ø©¿Ø,12000,14000,66.1,33.9,2024-11-20 09:30
º≠√Ã,,ø©¿Ø,12000,14000,65.3,34.7,2024-11-20 09:40
º≠√Ã,,ø©¿Ø,14000,16000,64.6,35.4,2024-11-20 09:50
º≠√Ã,,ø©¿Ø,14000,16000,64.1,35.9,2024-11-20 10:00
º≠√Ã,,ø©¿Ø,14000,16000,62.9,37.1,2024-11-20 10:10
º≠√Ã,,ø©¿Ø,14000,16000,62.4,37.6,2024-11-20 10:20
º≠√Ã,,ø©¿Ø,14000,16000,62.1,37.9,2024-11-20 10:30
º≠√Ã,,ø©¿Ø,14000,16000,61.5,38.5,2024-11-20 10:40
º≠√Ã,,ø©¿Ø,14000,16000,61.1,38.9,2024-11-20 10:50
º≠√Ã,,ø©¿Ø,14000,16000,60.5,39.5,2024-11-20 11:00
º≠√Ã,,ø©¿Ø,14000,16000,60.8,39.2,2024-11-20 11:10
º≠√Ã,,ø©¿Ø,14000,16000,59.7,40.3,2024-11-20 11:20
º≠√Ã,,∫∏≈Î,14000,16000,59.0,41.0,2024-11-20 11:30
º≠√Ã,,∫∏≈Î,16000,18000,56.9,43.1,2024-11-20 11:50
º≠√Ã,,∫∏≈Î,16000,18000,55.9,44.1,2024-11-20 12:00
º≠√Ã,,∫∏≈Î,16000,18000,55.5,44.5,2024-11-20 12:10
º≠√Ã,,∫∏≈Î,16000,18000,54.4,45.6,2024-11-20 12:25
º≠√Ã,,∫∏≈Î,16000,18000,54.8,45.2,2024-11-20 12:35
º≠√Ã,,∫∏≈Î,16000,18000,55.0,45.0,2024-11-20 12:45
º≠√Ã,,∫∏≈Î,16000,18000,55.1,44.9,2024-11-20 12:55
º≠√Ã,,∫∏≈Î,16000,18000,55.5,44.5,2024-11-20 13:05
º≠√Ã,,∫∏≈Î,16000,18000,55.7,44.3,2024-11-20 13:15
º≠√Ã,,∫∏≈Î,16000,18000,55.8,44.2,2024-11-20 13:25
º≠√Ã,,∫∏≈Î,16000,18000,55.6,44.4,2024-11-20 13:35
º≠√Ã,,∫∏≈Î,16000,18000,55.2,44.8,2024-11-20 13:45
º≠√Ã,,∫∏≈Î,14000,16000,55.5,44.5,2024-11-20 13:55
º≠√Ã,,∫∏≈Î,14000,16000,55.9,44.1,2024-11-20 14:05
º≠√Ã,,∫∏≈Î,14000,16000,56.1,43.9,2024-11-20 14:15
º≠√Ã,,∫∏≈Î,14000,16000,56.5,43.5,2024-11-20 14:25
º≠√Ã,,∫∏≈Î,14000,16000,56.0,44.0,2024-11-20 14:35
º≠√Ã,,∫∏≈Î,14000,16000,56.0,44.0,2024-11-20 14:45
º≠√Ã,,∫∏≈Î,14000,16000,56.5,43.5,2024-11-20 14:55
º≠√Ã,,ø©¿Ø,14000,16000,56.7,43.3,2024-11-20 15:05
º≠√Ã,,ø©¿Ø,14000,16000,56.9,43.1,2024-11-20 15:15
º≠√Ã,,ø©¿Ø,14000,16000,56.7,43.3,2024-11-20 15:30
º≠√Ã,,ø©¿Ø,14000,16000,57.0,43.0,2024-11-20 15:40
º≠√Ã,,ø©¿Ø,14000,16000,57.9,42.1,2024-11-20 16:00
º≠√Ã,,ø©¿Ø,14000,16000,58.4,41.6,2024-11-20 16:10
º≠√Ã,,ø©¿Ø,14000,16000,59.1,40.9,2024-11-20 16:20
º≠√Ã,,ø©¿Ø,14000,16000,59.5,40.5,2024-11-20 16:30
º≠√Ã,,ø©¿Ø,14000,16000,59.6,40.4,2024-11-20 16:40
º≠√Ã,,ø©¿Ø,12000,14000,61.3,38.7,2024-11-20 16:50
º≠√Ã,,ø©¿Ø,12000,14000,61.5,38.5,2024-11-20 17:00
º≠√Ã,,ø©¿Ø,12000,14000,61.6,38.4,2024-11-20 17:10
º≠√Ã,,ø©¿Ø,12000,14000,62.5,37.5,2024-11-20 17:20
º≠√Ã,,ø©¿Ø,12000,14000,62.9,37.1,2024-11-20 17:30
º≠√Ã,,ø©¿Ø,12000,14000,64.0,36.0,2024-11-20 17:40
º≠√Ã,,ø©¿Ø,12000,14000,63.9,36.1,2024-11-20 17:50
º≠√Ã,,ø©¿Ø,12000,14000,64.1,35.9,2024-11-20 18:00
º≠√Ã,,ø©¿Ø,12000,14000,62.4,37.6,2024-11-20 18:10
º≠√Ã,,ø©¿Ø,12000,14000,61.7,38.3,2024-11-20 18:20
º≠√Ã,,ø©¿Ø,12000,14000,61.8,38.2,2024-11-20 18:30
º≠√Ã,,ø©¿Ø,12000,14000,61.1,38.9,2024-11-20 18:40
º≠√Ã,,ø©¿Ø,12000,14000,62.6,37.4,2024-11-20 19:05
º≠√Ã,,ø©¿Ø,12000,14000,63.3,36.7,2024-11-20 19:15
º≠√Ã,,ø©¿Ø,12000,14000,64.1,35.9,2024-11-20 19:25
º≠√Ã,,ø©¿Ø,12000,14000,64.7,35.3,2024-11-20 19:35
º≠√Ã,,ø©¿Ø,12000,14000,65.9,34.1,2024-11-20 19:45
º≠√Ã,,ø©¿Ø,10000,12000,66.3,33.7,2024-11-20 19:55
º≠√Ã,,ø©¿Ø,10000,12000,67.9,32.1,2024-11-20 20:05
º≠√Ã,,ø©¿Ø,10000,12000,68.2,31.8,2024-11-20 20:15
º≠√Ã,,ø©¿Ø,10000,12000,69.4,30.6,2024-11-20 20:25
º≠√Ã,,ø©¿Ø,10000,12000,69.6,30.4,2024-11-20 20:35
º≠√Ã,,ø©¿Ø,10000,12000,70.5,29.5,2024-11-20 20:45
º≠√Ã,,ø©¿Ø,10000,12000,71.0,29.0,2024-11-20 20:55
º≠√Ã,,ø©¿Ø,10000,12000,72.1,27.9,2024-11-20 21:05
º≠√Ã,,ø©¿Ø,10000,12000,73.4,26.6,2024-11-20 21:15
º≠√Ã,,ø©¿Ø,10000,12000,73.5,26.5,2024-11-20 21:25
º≠√Ã,,ø©¿Ø,10000,12000,76.1,23.9,2024-11-20 21:55
º≠√Ã,,ø©¿Ø,10000,12000,78.2,21.8,2024-11-20 22:05
º≠√Ã,,ø©¿Ø,10000,12000,79.4,20.6,2024-11-20 22:15
º≠√Ã,,ø©¿Ø,10000,12000,82.7,17.3,2024-11-20 22:40
º≠√Ã,,ø©¿Ø,10000,12000,83.9,16.1,2024-11-20 22:50
º≠√Ã,,ø©¿Ø,10000,12000,85.0,15.0,2024-11-20 23:00
º≠√Ã,,ø©¿Ø,10000,12000,86.0,14.0,2024-11-20 23:10
º≠√Ã,,ø©¿Ø,10000,12000,87.0,13.0,2024-11-20 23:20
º≠√Ã,,ø©¿Ø,10000,12000,87.2,12.8,2024-11-20 23:30
º≠√Ã,,ø©¿Ø,10000,12000,87.5,12.5,2024-11-20 23:40
º≠√Ã,,ø©¿Ø,10000,12000,87.8,12.2,2024-11-20 23:50
º≠√Ã,,ø©¿Ø,10000,12000,88.1,11.9,2024-11-21 00:00
º≠√Ã,,ø©¿Ø,10000,12000,88.5,11.5,2024-11-21 00:10
º≠√Ã,,ø©¿Ø,10000,12000,89.0,11.0,2024-11-21 00:20
º≠√Ã,,ø©¿Ø,10000,12000,88.9,11.1,2024-11-21 00:30
º≠√Ã,,ø©¿Ø,10000,12000,89.2,10.8,2024-11-21 00:40
º≠√Ã,,ø©¿Ø,10000,12000,89.7,10.3,2024-11-21 00:50
º≠√Ã,,ø©¿Ø,10000,12000,89.8,10.2,2024-11-21 01:00
º≠√Ã,,ø©¿Ø,10000,12000,90.0,10.0,2024-11-21 01:10
º≠√Ã,,ø©¿Ø,10000,12000,90.9,9.1,2024-11-21 01:20
º≠√Ã,,ø©¿Ø,10000,12000,91.1,8.9,2024-11-21 01:30
º≠√Ã,,ø©¿Ø,10000,12000,91.3,8.7,2024-11-21 01:40
º≠√Ã,,ø©¿Ø,10000,12000,91.5,8.5,2024-11-21 01:50
º≠√Ã,,ø©¿Ø,10000,12000,91.7,8.3,2024-11-21 02:00
º≠√Ã,,ø©¿Ø,10000,12000,91.5,8.5,2024-11-21 02:25
º≠√Ã,,ø©¿Ø,10000,12000,91.6,8.4,2024-11-21 02:35
º≠√Ã,,ø©¿Ø,10000,12000,91.6,8.4,2024-11-21 02:45
º≠√Ã,,ø©¿Ø,10000,12000,91.5,8.5,2024-11-21 02:55
º≠√Ã,,ø©¿Ø,10000,12000,91.6,8.4,2024-11-21 03:05
º≠√Ã,,ø©¿Ø,10000,12000,91.5,8.5,2024-11-21 03:15
º≠√Ã,,ø©¿Ø,10000,12000,91.4,8.6,2024-11-21 03:25
º≠√Ã,,ø©¿Ø,10000,12000,91.8,8.2,2024-11-21 03:45
º≠√Ã,,ø©¿Ø,10000,12000,92.0,8.0,2024-11-21 03:55
º≠√Ã,,ø©¿Ø,10000,12000,91.9,8.1,2024-11-21 04:05
º≠√Ã,,ø©¿Ø,10000,12000,91.8,8.2,2024-11-21 04:15
º≠√Ã,,ø©¿Ø,10000,12000,91.8,8.2,2024-11-21 04:25
º≠√Ã,,ø©¿Ø,10000,12000,91.6,8.4,2024-11-21 04:45
º≠√Ã,,ø©¿Ø,10000,12000,91.7,8.3,2024-11-21 04:55
º≠√Ã,,ø©¿Ø,10000,12000,91.3,8.7,2024-11-21 05:05
º≠√Ã,,ø©¿Ø,10000,12000,91.0,9.0,2024-11-21 05:15
º≠√Ã,,ø©¿Ø,10000,12000,91.1,8.9,2024-11-21 05:25
º≠√Ã,,ø©¿Ø,10000,12000,90.7,9.3,2024-11-21 05:35
º≠√Ã,,ø©¿Ø,10000,12000,90.6,9.4,2024-11-21 05:45
º≠√Ã,,ø©¿Ø,10000,12000,90.3,9.7,2024-11-21 05:55
º≠√Ã,,ø©¿Ø,10000,12000,88.9,11.1,2024-11-21 06:20
º≠√Ã,,ø©¿Ø,10000,12000,88.1,11.9,2024-11-21 06:30
º≠√Ã,,ø©¿Ø,10000,12000,87.5,12.5,2024-11-21 06:40
º≠√Ã,,ø©¿Ø,10000,12000,85.6,14.4,2024-11-21 06:50
º≠√Ã,,ø©¿Ø,10000,12000,84.7,15.3,2024-11-21 07:00
º≠√Ã,,ø©¿Ø,10000,12000,83.4,16.6,2024-11-21 07:10
º≠√Ã,,ø©¿Ø,10000,12000,81.6,18.4,2024-11-21 07:20
º≠√Ã,,ø©¿Ø,10000,12000,79.7,20.3,2024-11-21 07:30
º≠√Ã,,ø©¿Ø,10000,12000,77.8,22.2,2024-11-21 07:40
º≠√Ã,,ø©¿Ø,10000,12000,75.7,24.3,2024-11-21 07:50
º≠√Ã,,ø©¿Ø,10000,12000,73.1,26.9,2024-11-21 08:00
º≠√Ã,,ø©¿Ø,12000,14000,70.9,29.1,2024-11-21 08:10
º≠√Ã,,ø©¿Ø,12000,14000,68.4,31.6,2024-11-21 08:20
º≠√Ã,,ø©¿Ø,12000,14000,67.3,32.7,2024-11-21 08:40
º≠√Ã,,ø©¿Ø,12000,14000,67.2,32.8,2024-11-21 08:50
º≠√Ã,,ø©¿Ø,12000,14000,66.6,33.4,2024-11-21 09:00
º≠√Ã,,ø©¿Ø,12000,14000,66.6,33.4,2024-11-21 09:10
º≠√Ã,,ø©¿Ø,12000,14000,66.6,33.4,2024-11-21 09:20
º≠√Ã,,ø©¿Ø,12000,14000,66.3,33.7,2024-11-21 09:30
º≠√Ã,,ø©¿Ø,12000,14000,65.0,35.0,2024-11-21 09:45
º≠√Ã,,ø©¿Ø,14000,16000,63.0,37.0,2024-11-21 10:05
º≠√Ã,,ø©¿Ø,14000,16000,63.0,37.0,2024-11-21 10:15
º≠√Ã,,ø©¿Ø,14000,16000,63.0,37.0,2024-11-21 10:25
º≠√Ã,,ø©¿Ø,14000,16000,62.7,37.3,2024-11-21 10:35
º≠√Ã,,ø©¿Ø,14000,16000,62.0,38.0,2024-11-21 10:45
º≠√Ã,,ø©¿Ø,14000,16000,61.5,38.5,2024-11-21 11:05
º≠√Ã,,ø©¿Ø,14000,16000,60.6,39.4,2024-11-21 11:15
º≠√Ã,,ø©¿Ø,14000,16000,60.0,40.0,2024-11-21 11:25
º≠√Ã,,∫∏≈Î,14000,16000,58.7,41.3,2024-11-21 11:35
º≠√Ã,,∫∏≈Î,14000,16000,58.2,41.8,2024-11-21 11:45
º≠√Ã,,∫∏≈Î,16000,18000,57.0,43.0,2024-11-21 11:55
º≠√Ã,,∫∏≈Î,16000,18000,56.5,43.5,2024-11-21 12:05
º≠√Ã,,∫∏≈Î,16000,18000,56.0,44.0,2024-11-21 12:15
º≠√Ã,,∫∏≈Î,16000,18000,55.9,44.1,2024-11-21 12:25
º≠√Ã,,∫∏≈Î,16000,18000,55.4,44.6,2024-11-21 12:35
º≠√Ã,,∫∏≈Î,16000,18000,55.8,44.2,2024-11-21 12:45
º≠√Ã,,∫∏≈Î,16000,18000,55.8,44.2,2024-11-21 12:55
º≠√Ã,,∫∏≈Î,16000,18000,55.4,44.6,2024-11-21 13:15
º≠√Ã,,∫∏≈Î,16000,18000,55.1,44.9,2024-11-21 13:25
º≠√Ã,,∫∏≈Î,16000,18000,55.4,44.6,2024-11-21 13:40
º≠√Ã,,∫∏≈Î,16000,18000,54.7,45.3,2024-11-21 13:50
º≠√Ã,,∫∏≈Î,16000,18000,55.5,44.5,2024-11-21 14:00
º≠√Ã,,∫∏≈Î,16000,18000,55.2,44.8,2024-11-21 14:10
º≠√Ã,,∫∏≈Î,16000,18000,54.9,45.1,2024-11-21 14:20
º≠√Ã,,∫∏≈Î,14000,16000,55.9,44.1,2024-11-21 14:30
º≠√Ã,,∫∏≈Î,14000,16000,56.2,43.8,2024-11-21 14:40
º≠√Ã,,∫∏≈Î,14000,16000,56.8,43.2,2024-11-21 14:50
º≠√Ã,,∫∏≈Î,14000,16000,56.8,43.2,2024-11-21 15:10
º≠√Ã,,∫∏≈Î,14000,16000,58.1,41.9,2024-11-21 15:30
º≠√Ã,,∫∏≈Î,14000,16000,58.4,41.6,2024-11-21 15:40
º≠√Ã,,∫∏≈Î,14000,16000,58.6,41.4,2024-11-21 15:50
º≠√Ã,,ø©¿Ø,14000,16000,58.8,41.2,2024-11-21 16:00
º≠√Ã,,ø©¿Ø,14000,16000,59.0,41.0,2024-11-21 16:10
º≠√Ã,,ø©¿Ø,14000,16000,59.4,40.6,2024-11-21 16:20
º≠√Ã,,ø©¿Ø,14000,16000,60.5,39.5,2024-11-21 16:40
º≠√Ã,,ø©¿Ø,14000,16000,61.3,38.7,2024-11-21 16:50
º≠√Ã,,ø©¿Ø,12000,14000,62.1,37.9,2024-11-21 17:15
º≠√Ã,,ø©¿Ø,14000,16000,56.9,43.1,2024-11-21 17:25
º≠√Ã,,ø©¿Ø,12000,14000,63.7,36.3,2024-11-21 17:35
º≠√Ã,,ø©¿Ø,12000,14000,64.3,35.7,2024-11-21 17:45
º≠√Ã,,ø©¿Ø,12000,14000,63.2,36.8,2024-11-21 17:55
º≠√Ã,,ø©¿Ø,12000,14000,63.2,36.8,2024-11-21 18:05
º≠√Ã,,ø©¿Ø,12000,14000,61.9,38.1,2024-11-21 18:15
º≠√Ã,,ø©¿Ø,12000,14000,61.5,38.5,2024-11-21 18:45
º≠√Ã,,ø©¿Ø,12000,14000,61.9,38.1,2024-11-21 18:55
º≠√Ã,,ø©¿Ø,12000,14000,63.6,36.4,2024-11-21 19:05
º≠√Ã,,ø©¿Ø,12000,14000,62.1,37.9,2024-11-21 19:15
º≠√Ã,,ø©¿Ø,12000,14000,64.6,35.4,2024-11-21 19:35
º≠√Ã,,ø©¿Ø,12000,14000,64.4,35.6,2024-11-21 19:45
º≠√Ã,,ø©¿Ø,12000,14000,65.1,34.9,2024-11-21 19:55
º≠√Ã,,ø©¿Ø,12000,14000,65.9,34.1,2024-11-21 20:05
º≠√Ã,,ø©¿Ø,10000,12000,66.7,33.3,2024-11-21 20:15
º≠√Ã,,ø©¿Ø,10000,12000,67.6,32.4,2024-11-21 20:25
º≠√Ã,,ø©¿Ø,10000,12000,68.6,31.4,2024-11-21 20:45
º≠√Ã,,ø©¿Ø,10000,12000,71.5,28.5,2024-11-21 21:10
º≠√Ã,,ø©¿Ø,10000,12000,72.5,27.5,2024-11-21 21:20
º≠√Ã,,ø©¿Ø,10000,12000,74.2,25.8,2024-11-21 21:30
º≠√Ã,,ø©¿Ø,10000,12000,75.0,25.0,2024-11-21 21:40
º≠√Ã,,ø©¿Ø,10000,12000,75.6,24.4,2024-11-21 21:50
º≠√Ã,,ø©¿Ø,10000,12000,76.3,23.7,2024-11-21 22:00
º≠√Ã,,ø©¿Ø,10000,12000,77.8,22.2,2024-11-21 22:10
º≠√Ã,,ø©¿Ø,10000,12000,79.0,21.0,2024-11-21 22:20
º≠√Ã,,ø©¿Ø,10000,12000,79.8,20.2,2024-11-21 22:30
º≠√Ã,,ø©¿Ø,10000,12000,80.9,19.1,2024-11-21 22:40
º≠√Ã,,ø©¿Ø,10000,12000,82.5,17.5,2024-11-21 22:50
º≠√Ã,,ø©¿Ø,10000,12000,83.8,16.2,2024-11-21 23:10
º≠√Ã,,ø©¿Ø,10000,12000,84.3,15.7,2024-11-21 23:20
º≠√Ã,,ø©¿Ø,10000,12000,84.7,15.3,2024-11-21 23:30
º≠√Ã,,ø©¿Ø,10000,12000,85.5,14.5,2024-11-21 23:40
º≠√Ã,,ø©¿Ø,10000,12000,86.0,14.0,2024-11-21 23:50
º≠√Ã,,ø©¿Ø,10000,12000,86.5,13.5,2024-11-22 00:00
º≠√Ã,,ø©¿Ø,10000,12000,87.5,12.5,2024-11-22 00:10
º≠√Ã,,ø©¿Ø,10000,12000,87.6,12.4,2024-11-22 00:20
º≠√Ã,,ø©¿Ø,10000,12000,88.9,11.1,2024-11-22 00:30
º≠√Ã,,ø©¿Ø,10000,12000,89.4,10.6,2024-11-22 01:05
º≠√Ã,,ø©¿Ø,10000,12000,90.6,9.4,2024-11-22 01:15
º≠√Ã,,ø©¿Ø,10000,12000,90.6,9.4,2024-11-22 01:25
º≠√Ã,,ø©¿Ø,10000,12000,90.9,9.1,2024-11-22 01:35
º≠√Ã,,ø©¿Ø,10000,12000,90.9,9.1,2024-11-22 01:45
º≠√Ã,,ø©¿Ø,10000,12000,91.2,8.8,2024-11-22 01:55
º≠√Ã,,ø©¿Ø,10000,12000,91.3,8.7,2024-11-22 02:05
º≠√Ã,,ø©¿Ø,10000,12000,91.5,8.5,2024-11-22 02:25
º≠√Ã,,ø©¿Ø,10000,12000,91.3,8.7,2024-11-22 02:35
º≠√Ã,,ø©¿Ø,10000,12000,91.5,8.5,2024-11-22 02:45
º≠√Ã,,ø©¿Ø,10000,12000,91.4,8.6,2024-11-22 02:55
º≠√Ã,,ø©¿Ø,10000,12000,91.7,8.3,2024-11-22 03:15
º≠√Ã,,ø©¿Ø,10000,12000,91.5,8.5,2024-11-22 03:25
º≠√Ã,,ø©¿Ø,10000,12000,91.2,8.8,2024-11-22 03:35
º≠√Ã,,ø©¿Ø,10000,12000,91.3,8.7,2024-11-22 03:45
º≠√Ã,,ø©¿Ø,10000,12000,91.6,8.4,2024-11-22 03:55
º≠√Ã,,ø©¿Ø,10000,12000,91.7,8.3,2024-11-22 04:05
º≠√Ã,,ø©¿Ø,10000,12000,91.6,8.4,2024-11-22 04:15
º≠√Ã,,ø©¿Ø,10000,12000,91.5,8.5,2024-11-22 04:30
º≠√Ã,,ø©¿Ø,10000,12000,91.3,8.7,2024-11-22 04:40
º≠√Ã,,ø©¿Ø,10000,12000,91.0,9.0,2024-11-22 04:50
º≠√Ã,,ø©¿Ø,10000,12000,91.2,8.8,2024-11-22 05:00
º≠√Ã,,ø©¿Ø,10000,12000,91.0,9.0,2024-11-22 05:10
º≠√Ã,,ø©¿Ø,10000,12000,90.8,9.2,2024-11-22 05:20
º≠√Ã,,ø©¿Ø,10000,12000,90.7,9.3,2024-11-22 05:30
º≠√Ã,,ø©¿Ø,10000,12000,90.5,9.5,2024-11-22 05:40
º≠√Ã,,ø©¿Ø,10000,12000,89.6,10.4,2024-11-22 05:50
º≠√Ã,,ø©¿Ø,10000,12000,89.3,10.7,2024-11-22 06:10
º≠√Ã,,ø©¿Ø,10000,12000,88.3,11.7,2024-11-22 06:20
º≠√Ã,,ø©¿Ø,10000,12000,87.2,12.8,2024-11-22 06:30
º≠√Ã,,ø©¿Ø,10000,12000,86.6,13.4,2024-11-22 06:40
º≠√Ã,,ø©¿Ø,10000,12000,85.4,14.6,2024-11-22 06:50
º≠√Ã,,ø©¿Ø,10000,12000,84.1,15.9,2024-11-22 07:00
º≠√Ã,,ø©¿Ø,10000,12000,82.9,17.1,2024-11-22 07:10
º≠√Ã,,ø©¿Ø,10000,12000,82.3,17.7,2024-11-22 07:20
º≠√Ã,,ø©¿Ø,10000,12000,79.2,20.8,2024-11-22 07:30
º≠√Ã,,ø©¿Ø,10000,12000,77.1,22.9,2024-11-22 07:40
º≠√Ã,,ø©¿Ø,10000,12000,73.7,26.3,2024-11-22 07:55
º≠√Ã,,ø©¿Ø,12000,14000,71.4,28.6,2024-11-22 08:05
º≠√Ã,,ø©¿Ø,12000,14000,68.4,31.6,2024-11-22 08:15
º≠√Ã,,ø©¿Ø,12000,14000,68.6,31.4,2024-11-22 08:25
º≠√Ã,,ø©¿Ø,12000,14000,66.1,33.9,2024-11-22 08:45
º≠√Ã,,ø©¿Ø,12000,14000,67.5,32.5,2024-11-22 09:05
º≠√Ã,,ø©¿Ø,12000,14000,67.1,32.9,2024-11-22 09:15
º≠√Ã,,ø©¿Ø,12000,14000,66.3,33.7,2024-11-22 09:25
º≠√Ã,,ø©¿Ø,12000,14000,66.3,33.7,2024-11-22 09:35
º≠√Ã,,ø©¿Ø,12000,14000,66.1,33.9,2024-11-22 09:45
º≠√Ã,,ø©¿Ø,12000,14000,65.3,34.7,2024-11-22 09:55
º≠√Ã,,ø©¿Ø,12000,14000,64.1,35.9,2024-11-22 10:15
º≠√Ã,,ø©¿Ø,12000,14000,63.6,36.4,2024-11-22 10:25
º≠√Ã,,ø©¿Ø,14000,16000,61.9,38.1,2024-11-22 10:35
º≠√Ã,,ø©¿Ø,14000,16000,62.0,38.0,2024-11-22 10:45
º≠√Ã,,ø©¿Ø,14000,16000,61.9,38.1,2024-11-22 10:55
º≠√Ã,,ø©¿Ø,14000,16000,61.9,38.1,2024-11-22 11:00
º≠√Ã,,ø©¿Ø,14000,16000,60.3,39.7,2024-11-22 11:15
º≠√Ã,,ø©¿Ø,14000,16000,59.5,40.5,2024-11-22 11:25
º≠√Ã,,ø©¿Ø,14000,16000,58.9,41.1,2024-11-22 11:35
º≠√Ã,,ø©¿Ø,14000,16000,58.9,41.1,2024-11-22 11:35
º≠√Ã,,ø©¿Ø,14000,16000,58.9,41.1,2024-11-22 11:35
º≠√Ã,,ø©¿Ø,14000,16000,58.9,41.1,2024-11-22 11:35
º≠√Ã,,ø©¿Ø,14000,16000,58.9,41.1,2024-11-22 11:35
º≠√Ã,,ø©¿Ø,14000,16000,58.9,41.1,2024-11-22 11:35
º≠√Ã,,ø©¿Ø,14000,16000,58.9,41.1,2024-11-22 11:35
º≠√Ã,,ø©¿Ø,14000,16000,58.9,41.1,2024-11-22 11:35
º≠√Ã,,ø©¿Ø,14000,16000,58.9,41.1,2024-11-22 11:35
º≠√Ã,,ø©¿Ø,14000,16000,58.9,41.1,2024-11-22 11:35
º≠√Ã,,ø©¿Ø,14000,16000,58.9,41.1,2024-11-22 11:35
º≠√Ã,,ø©¿Ø,14000,16000,58.9,41.1,2024-11-22 11:35
º≠√Ã,,ø©¿Ø,14000,16000,58.9,41.1,2024-11-22 11:35
º≠√Ã,,ø©¿Ø,14000,16000,58.9,41.1,2024-11-22 11:35
º≠√Ã,,ø©¿Ø,14000,16000,58.9,41.1,2024-11-22 11:35
º≠√Ã,,ø©¿Ø,14000,16000,58.9,41.1,2024-11-22 11:35
º≠√Ã,,ø©¿Ø,14000,16000,58.9,41.1,2024-11-22 11:35
º≠√Ã,,ø©¿Ø,14000,16000,58.9,41.1,2024-11-22 11:35
º≠√Ã,,ø©¿Ø,14000,16000,58.9,41.1,2024-11-22 11:35
º≠√Ã,,ø©¿Ø,14000,16000,58.9,41.1,2024-11-22 11:35
º≠√Ã,,ø©¿Ø,14000,16000,58.9,41.1,2024-11-22 11:35
º≠√Ã,,ø©¿Ø,14000,16000,58.9,41.1,2024-11-22 11:35
º≠√Ã,,ø©¿Ø,14000,16000,58.9,41.1,2024-11-22 11:35
º≠√Ã,,ø©¿Ø,14000,16000,58.9,41.1,2024-11-22 11:35
º≠√Ã,,ø©¿Ø,14000,16000,58.9,41.1,2024-11-22 11:35
º≠√Ã,,ø©¿Ø,14000,16000,58.9,41.1,2024-11-22 11:35
º≠√Ã,,ø©¿Ø,14000,16000,58.9,41.1,2024-11-22 11:35
º≠√Ã,,ø©¿Ø,14000,16000,58.9,41.1,2024-11-22 11:35
º≠√Ã,,ø©¿Ø,14000,16000,58.9,41.1,2024-11-22 11:35
º≠√Ã,,ø©¿Ø,14000,16000,58.9,41.1,2024-11-22 11:35
º≠√Ã,,ø©¿Ø,14000,16000,58.9,41.1,2024-11-22 11:35
º≠√Ã,,ø©¿Ø,14000,16000,58.9,41.1,2024-11-22 11:35
º≠√Ã,,ø©¿Ø,14000,16000,58.9,41.1,2024-11-22 11:35
º≠√Ã,,ø©¿Ø,12000,14000,60.3,39.7,2024-11-22 17:45
º≠√Ã,,ø©¿Ø,12000,14000,61.5,38.5,2024-11-22 17:55
º≠√Ã,,ø©¿Ø,12000,14000,60.6,39.4,2024-11-22 18:05
º≠√Ã,,ø©¿Ø,12000,14000,58.9,41.1,2024-11-22 18:15
º≠√Ã,,ø©¿Ø,12000,14000,58.4,41.6,2024-11-22 18:35
º≠√Ã,,ø©¿Ø,12000,14000,59.0,41.0,2024-11-22 18:45
º≠√Ã,,ø©¿Ø,12000,14000,59.2,40.8,2024-11-22 18:55
º≠√Ã,,ø©¿Ø,12000,14000,59.2,40.8,2024-11-22 19:05
º≠√Ã,,ø©¿Ø,12000,14000,59.7,40.3,2024-11-22 19:15
º≠√Ã,,ø©¿Ø,12000,14000,61.0,39.0,2024-11-22 19:40
º≠√Ã,,ø©¿Ø,12000,14000,61.5,38.5,2024-11-22 19:50
º≠√Ã,,ø©¿Ø,12000,14000,62.4,37.6,2024-11-22 20:00
º≠√Ã,,ø©¿Ø,10000,12000,62.8,37.2,2024-11-22 20:10
º≠√Ã,,ø©¿Ø,10000,12000,63.6,36.4,2024-11-22 20:20
º≠√Ã,,ø©¿Ø,10000,12000,65.0,35.0,2024-11-22 20:40
º≠√Ã,,ø©¿Ø,10000,12000,66.9,33.1,2024-11-22 21:00
º≠√Ã,,ø©¿Ø,10000,12000,68.4,31.6,2024-11-22 21:10
º≠√Ã,,ø©¿Ø,10000,12000,68.5,31.5,2024-11-22 21:20
º≠√Ã,,ø©¿Ø,10000,12000,70.3,29.7,2024-11-22 21:30
º≠√Ã,,ø©¿Ø,10000,12000,71.2,28.8,2024-11-22 21:40
º≠√Ã,,ø©¿Ø,10000,12000,72.2,27.8,2024-11-22 21:50
º≠√Ã,,ø©¿Ø,10000,12000,73.6,26.4,2024-11-22 22:00
º≠√Ã,,ø©¿Ø,10000,12000,74.8,25.2,2024-11-22 22:10
º≠√Ã,,ø©¿Ø,10000,12000,75.8,24.2,2024-11-22 22:20
º≠√Ã,,ø©¿Ø,10000,12000,77.2,22.8,2024-11-22 22:30
º≠√Ã,,ø©¿Ø,10000,12000,79.6,20.4,2024-11-22 22:55
º≠√Ã,,ø©¿Ø,10000,12000,80.3,19.7,2024-11-22 23:05
º≠√Ã,,ø©¿Ø,10000,12000,80.9,19.1,2024-11-22 23:15
º≠√Ã,,ø©¿Ø,10000,12000,80.8,19.2,2024-11-22 23:25
º≠√Ã,,ø©¿Ø,10000,12000,81.8,18.2,2024-11-22 23:35
º≠√Ã,,ø©¿Ø,10000,12000,83.6,16.4,2024-11-22 23:45
º≠√Ã,,ø©¿Ø,10000,12000,83.8,16.2,2024-11-23 00:05
º≠√Ã,,ø©¿Ø,10000,12000,85.5,14.5,2024-11-23 00:15
º≠√Ã,,ø©¿Ø,10000,12000,86.5,13.5,2024-11-23 00:25
º≠√Ã,,ø©¿Ø,10000,12000,87.0,13.0,2024-11-23 00:35
º≠√Ã,,ø©¿Ø,10000,12000,87.3,12.7,2024-11-23 00:45
º≠√Ã,,ø©¿Ø,10000,12000,88.0,12.0,2024-11-23 01:05
º≠√Ã,,ø©¿Ø,10000,12000,88.2,11.8,2024-11-23 01:15
º≠√Ã,,ø©¿Ø,10000,12000,88.1,11.9,2024-11-23 01:25
º≠√Ã,,ø©¿Ø,10000,12000,88.4,11.6,2024-11-23 01:35
º≠√Ã,,ø©¿Ø,10000,12000,88.8,11.2,2024-11-23 01:45
º≠√Ã,,ø©¿Ø,10000,12000,88.9,11.1,2024-11-23 01:55
º≠√Ã,,ø©¿Ø,10000,12000,88.7,11.3,2024-11-23 02:05
º≠√Ã,,ø©¿Ø,10000,12000,88.7,11.3,2024-11-23 02:15
º≠√Ã,,ø©¿Ø,10000,12000,89.4,10.6,2024-11-23 02:30
º≠√Ã,,ø©¿Ø,10000,12000,89.4,10.6,2024-11-23 02:40
º≠√Ã,,ø©¿Ø,10000,12000,89.6,10.4,2024-11-23 02:50
º≠√Ã,,ø©¿Ø,10000,12000,89.5,10.5,2024-11-23 03:00
º≠√Ã,,ø©¿Ø,10000,12000,89.2,10.8,2024-11-23 03:10
º≠√Ã,,ø©¿Ø,10000,12000,89.5,10.5,2024-11-23 03:30
º≠√Ã,,ø©¿Ø,10000,12000,89.5,10.5,2024-11-23 03:40
º≠√Ã,,ø©¿Ø,10000,12000,89.6,10.4,2024-11-23 03:50
º≠√Ã,,ø©¿Ø,10000,12000,89.5,10.5,2024-11-23 04:00
º≠√Ã,,ø©¿Ø,10000,12000,89.5,10.5,2024-11-23 04:10
º≠√Ã,,ø©¿Ø,10000,12000,89.5,10.5,2024-11-23 04:20
º≠√Ã,,ø©¿Ø,10000,12000,89.4,10.6,2024-11-23 04:30
º≠√Ã,,ø©¿Ø,10000,12000,89.6,10.4,2024-11-23 04:40
º≠√Ã,,ø©¿Ø,10000,12000,89.3,10.7,2024-11-23 04:50
º≠√Ã,,ø©¿Ø,10000,12000,89.2,10.8,2024-11-23 05:00
º≠√Ã,,ø©¿Ø,10000,12000,89.1,10.9,2024-11-23 05:10
º≠√Ã,,ø©¿Ø,10000,12000,89.0,11.0,2024-11-23 05:30
º≠√Ã,,ø©¿Ø,10000,12000,88.1,11.9,2024-11-23 05:55
º≠√Ã,,ø©¿Ø,10000,12000,88.0,12.0,2024-11-23 06:05
º≠√Ã,,ø©¿Ø,10000,12000,87.8,12.2,2024-11-23 06:15
º≠√Ã,,ø©¿Ø,10000,12000,87.3,12.7,2024-11-23 06:25
º≠√Ã,,ø©¿Ø,10000,12000,86.8,13.2,2024-11-23 06:45
º≠√Ã,,ø©¿Ø,10000,12000,86.1,13.9,2024-11-23 06:55
º≠√Ã,,ø©¿Ø,10000,12000,86.3,13.7,2024-11-23 07:05
º≠√Ã,,ø©¿Ø,10000,12000,85.6,14.4,2024-11-23 07:15
º≠√Ã,,ø©¿Ø,10000,12000,84.8,15.2,2024-11-23 07:25
º≠√Ã,,ø©¿Ø,10000,12000,82.8,17.2,2024-11-23 07:45
º≠√Ã,,ø©¿Ø,10000,12000,82.4,17.6,2024-11-23 07:55
º≠√Ã,,ø©¿Ø,10000,12000,81.7,18.3,2024-11-23 08:05
º≠√Ã,,ø©¿Ø,10000,12000,81.3,18.7,2024-11-23 08:15
º≠√Ã,,ø©¿Ø,10000,12000,80.6,19.4,2024-11-23 08:25
º≠√Ã,,ø©¿Ø,10000,12000,79.4,20.6,2024-11-23 08:35
º≠√Ã,,ø©¿Ø,10000,12000,78.5,21.5,2024-11-23 08:45
º≠√Ã,,ø©¿Ø,10000,12000,76.0,24.0,2024-11-23 09:05
º≠√Ã,,ø©¿Ø,10000,12000,74.9,25.1,2024-11-23 09:15
º≠√Ã,,ø©¿Ø,12000,14000,70.3,29.7,2024-11-23 09:40
º≠√Ã,,ø©¿Ø,12000,14000,69.3,30.7,2024-11-23 09:50
º≠√Ã,,ø©¿Ø,12000,14000,67.4,32.6,2024-11-23 10:00
º≠√Ã,,ø©¿Ø,12000,14000,65.7,34.3,2024-11-23 10:10
º≠√Ã,,ø©¿Ø,12000,14000,64.9,35.1,2024-11-23 10:20
º≠√Ã,,ø©¿Ø,12000,14000,62.0,38.0,2024-11-23 10:50
º≠√Ã,,ø©¿Ø,12000,14000,59.2,40.8,2024-11-23 11:10
º≠√Ã,,ø©¿Ø,12000,14000,57.8,42.2,2024-11-23 11:20
º≠√Ã,,ø©¿Ø,12000,14000,56.3,43.7,2024-11-23 11:30
º≠√Ã,,ø©¿Ø,12000,14000,55.0,45.0,2024-11-23 11:40
º≠√Ã,,ø©¿Ø,14000,16000,53.6,46.4,2024-11-23 11:50
º≠√Ã,,ø©¿Ø,14000,16000,52.4,47.6,2024-11-23 12:00
º≠√Ã,,ø©¿Ø,14000,16000,50.5,49.5,2024-11-23 12:10
º≠√Ã,,ø©¿Ø,14000,16000,50.4,49.6,2024-11-23 12:20
º≠√Ã,,ø©¿Ø,14000,16000,50.0,50.0,2024-11-23 12:30
º≠√Ã,,ø©¿Ø,14000,16000,49.2,50.8,2024-11-23 12:40
º≠√Ã,,∫∏≈Î,14000,16000,47.9,52.1,2024-11-23 12:50
º≠√Ã,,∫∏≈Î,14000,16000,47.0,53.0,2024-11-23 13:00
º≠√Ã,,∫∏≈Î,16000,18000,44.7,55.3,2024-11-23 13:35
º≠√Ã,,∫∏≈Î,16000,18000,44.5,55.5,2024-11-23 13:45
º≠√Ã,,∫∏≈Î,16000,18000,43.6,56.4,2024-11-23 13:55
º≠√Ã,,∫∏≈Î,16000,18000,43.2,56.8,2024-11-23 14:05
º≠√Ã,,æ‡∞£ ∫’∫ˆ,16000,18000,42.5,57.5,2024-11-23 14:15
º≠√Ã,,æ‡∞£ ∫’∫ˆ,16000,18000,42.5,57.5,2024-11-23 14:25
º≠√Ã,,æ‡∞£ ∫’∫ˆ,16000,18000,41.4,58.6,2024-11-23 14:35
º≠√Ã,,æ‡∞£ ∫’∫ˆ,16000,18000,41.4,58.6,2024-11-23 14:45
º≠√Ã,,æ‡∞£ ∫’∫ˆ,16000,18000,40.9,59.1,2024-11-23 14:55
º≠√Ã,,æ‡∞£ ∫’∫ˆ,16000,18000,40.2,59.8,2024-11-23 15:05
º≠√Ã,,æ‡∞£ ∫’∫ˆ,16000,18000,40.4,59.6,2024-11-23 15:35
º≠√Ã,,æ‡∞£ ∫’∫ˆ,16000,18000,40.8,59.2,2024-11-23 15:55
º≠√Ã,,æ‡∞£ ∫’∫ˆ,16000,18000,40.6,59.4,2024-11-23 16:05
º≠√Ã,,æ‡∞£ ∫’∫ˆ,16000,18000,40.6,59.4,2024-11-23 16:15
º≠√Ã,,æ‡∞£ ∫’∫ˆ,16000,18000,40.6,59.4,2024-11-23 16:25
º≠√Ã,,æ‡∞£ ∫’∫ˆ,16000,18000,40.8,59.2,2024-11-23 16:35
º≠√Ã,,æ‡∞£ ∫’∫ˆ,16000,18000,41.1,58.9,2024-11-23 16:45
º≠√Ã,,æ‡∞£ ∫’∫ˆ,16000,18000,41.5,58.5,2024-11-23 16:55
º≠√Ã,,æ‡∞£ ∫’∫ˆ,16000,18000,42.6,57.4,2024-11-23 17:05
º≠√Ã,,æ‡∞£ ∫’∫ˆ,16000,18000,43.2,56.8,2024-11-23 17:15
º≠√Ã,,∫∏≈Î,16000,18000,43.9,56.1,2024-11-23 17:35
º≠√Ã,,∫∏≈Î,16000,18000,44.5,55.5,2024-11-23 17:50
º≠√Ã,,∫∏≈Î,16000,18000,45.0,55.0,2024-11-23 18:00
º≠√Ã,,∫∏≈Î,16000,18000,45.1,54.9,2024-11-23 18:10
º≠√Ã,,∫∏≈Î,16000,18000,45.9,54.1,2024-11-23 18:20
º≠√Ã,,∫∏≈Î,16000,18000,46.1,53.9,2024-11-23 18:30
º≠√Ã,,∫∏≈Î,14000,16000,47.1,52.9,2024-11-23 18:40
º≠√Ã,,∫∏≈Î,14000,16000,48.2,51.8,2024-11-23 18:50
º≠√Ã,,ø©¿Ø,14000,16000,49.2,50.8,2024-11-23 19:00
º≠√Ã,,ø©¿Ø,14000,16000,50.0,50.0,2024-11-23 19:10
º≠√Ã,,ø©¿Ø,14000,16000,51.8,48.2,2024-11-23 19:20
º≠√Ã,,ø©¿Ø,14000,16000,53.9,46.1,2024-11-23 19:30
º≠√Ã,,ø©¿Ø,12000,14000,55.0,45.0,2024-11-23 19:40
º≠√Ã,,ø©¿Ø,12000,14000,55.9,44.1,2024-11-23 19:50
º≠√Ã,,ø©¿Ø,12000,14000,58.0,42.0,2024-11-23 20:00
º≠√Ã,,ø©¿Ø,12000,14000,59.4,40.6,2024-11-23 20:10
º≠√Ã,,ø©¿Ø,12000,14000,60.5,39.5,2024-11-23 20:20
º≠√Ã,,ø©¿Ø,12000,14000,61.5,38.5,2024-11-23 20:30
º≠√Ã,,ø©¿Ø,12000,14000,62.5,37.5,2024-11-23 20:40
º≠√Ã,,ø©¿Ø,12000,14000,63.8,36.2,2024-11-23 20:50
º≠√Ã,,ø©¿Ø,12000,14000,64.5,35.5,2024-11-23 21:00
º≠√Ã,,ø©¿Ø,12000,14000,66.0,34.0,2024-11-23 21:10
º≠√Ã,,ø©¿Ø,12000,14000,67.0,33.0,2024-11-23 21:20
º≠√Ã,,ø©¿Ø,10000,12000,71.1,28.9,2024-11-23 21:45
º≠√Ã,,ø©¿Ø,10000,12000,72.2,27.8,2024-11-23 21:55
º≠√Ã,,ø©¿Ø,10000,12000,73.5,26.5,2024-11-23 22:05
º≠√Ã,,ø©¿Ø,10000,12000,74.7,25.3,2024-11-23 22:15
º≠√Ã,,ø©¿Ø,10000,12000,75.8,24.2,2024-11-23 22:25
º≠√Ã,,ø©¿Ø,10000,12000,77.9,22.1,2024-11-23 22:35
º≠√Ã,,ø©¿Ø,10000,12000,78.9,21.1,2024-11-23 23:05
º≠√Ã,,ø©¿Ø,10000,12000,79.9,20.1,2024-11-23 23:15
º≠√Ã,,ø©¿Ø,10000,12000,80.7,19.3,2024-11-23 23:25
º≠√Ã,,ø©¿Ø,10000,12000,81.8,18.2,2024-11-23 23:45
º≠√Ã,,ø©¿Ø,10000,12000,83.2,16.8,2024-11-23 23:55
º≠√Ã,,ø©¿Ø,10000,12000,83.9,16.1,2024-11-24 00:05
º≠√Ã,,ø©¿Ø,10000,12000,84.5,15.5,2024-11-24 00:15
º≠√Ã,,ø©¿Ø,10000,12000,84.7,15.3,2024-11-24 00:25
º≠√Ã,,ø©¿Ø,10000,12000,85.6,14.4,2024-11-24 00:35
º≠√Ã,,ø©¿Ø,10000,12000,85.7,14.3,2024-11-24 00:45
º≠√Ã,,ø©¿Ø,10000,12000,85.9,14.1,2024-11-24 00:55
º≠√Ã,,ø©¿Ø,10000,12000,86.5,13.5,2024-11-24 01:15
º≠√Ã,,ø©¿Ø,10000,12000,86.7,13.3,2024-11-24 01:40
º≠√Ã,,ø©¿Ø,10000,12000,86.5,13.5,2024-11-24 01:50
º≠√Ã,,ø©¿Ø,10000,12000,86.7,13.3,2024-11-24 02:00
º≠√Ã,,ø©¿Ø,10000,12000,87.2,12.8,2024-11-24 02:20
º≠√Ã,,ø©¿Ø,10000,12000,87.2,12.8,2024-11-24 02:30
º≠√Ã,,ø©¿Ø,10000,12000,87.1,12.9,2024-11-24 02:40
º≠√Ã,,ø©¿Ø,10000,12000,87.2,12.8,2024-11-24 02:50
º≠√Ã,,ø©¿Ø,10000,12000,87.5,12.5,2024-11-24 03:00
º≠√Ã,,ø©¿Ø,10000,12000,87.4,12.6,2024-11-24 03:10
º≠√Ã,,ø©¿Ø,10000,12000,87.9,12.1,2024-11-24 03:20
º≠√Ã,,ø©¿Ø,10000,12000,87.7,12.3,2024-11-24 03:30
º≠√Ã,,ø©¿Ø,10000,12000,87.8,12.2,2024-11-24 03:50
º≠√Ã,,ø©¿Ø,10000,12000,87.7,12.3,2024-11-24 04:00
º≠√Ã,,ø©¿Ø,10000,12000,87.7,12.3,2024-11-24 04:10
º≠√Ã,,ø©¿Ø,10000,12000,87.6,12.4,2024-11-24 04:20
º≠√Ã,,ø©¿Ø,10000,12000,87.6,12.4,2024-11-24 04:30
º≠√Ã,,ø©¿Ø,10000,12000,87.5,12.5,2024-11-24 04:40
º≠√Ã,,ø©¿Ø,10000,12000,87.5,12.5,2024-11-24 04:50
º≠√Ã,,ø©¿Ø,10000,12000,87.3,12.7,2024-11-24 05:10
º≠√Ã,,ø©¿Ø,10000,12000,87.1,12.9,2024-11-24 05:20
º≠√Ã,,ø©¿Ø,10000,12000,87.1,12.9,2024-11-24 05:35
º≠√Ã,,ø©¿Ø,10000,12000,86.9,13.1,2024-11-24 05:45
º≠√Ã,,ø©¿Ø,10000,12000,86.8,13.2,2024-11-24 05:55
º≠√Ã,,ø©¿Ø,10000,12000,86.8,13.2,2024-11-24 06:05
º≠√Ã,,ø©¿Ø,10000,12000,86.6,13.4,2024-11-24 06:15
º≠√Ã,,ø©¿Ø,10000,12000,86.2,13.8,2024-11-24 06:25
º≠√Ã,,ø©¿Ø,10000,12000,86.0,14.0,2024-11-24 06:35
º≠√Ã,,ø©¿Ø,10000,12000,86.1,13.9,2024-11-24 06:45
º≠√Ã,,ø©¿Ø,10000,12000,86.0,14.0,2024-11-24 06:55
º≠√Ã,,ø©¿Ø,10000,12000,86.0,14.0,2024-11-24 07:05
º≠√Ã,,ø©¿Ø,10000,12000,85.2,14.8,2024-11-24 07:15
º≠√Ã,,ø©¿Ø,10000,12000,84.6,15.4,2024-11-24 07:25
º≠√Ã,,ø©¿Ø,10000,12000,84.1,15.9,2024-11-24 07:35
º≠√Ã,,ø©¿Ø,10000,12000,81.9,18.1,2024-11-24 08:05
º≠√Ã,,ø©¿Ø,10000,12000,81.1,18.9,2024-11-24 08:15
º≠√Ã,,ø©¿Ø,10000,12000,80.3,19.7,2024-11-24 08:25
º≠√Ã,,ø©¿Ø,10000,12000,79.3,20.7,2024-11-24 08:35
º≠√Ã,,ø©¿Ø,10000,12000,78.4,21.6,2024-11-24 08:45
º≠√Ã,,ø©¿Ø,10000,12000,77.3,22.7,2024-11-24 08:55
º≠√Ã,,ø©¿Ø,10000,12000,75.4,24.6,2024-11-24 09:05
º≠√Ã,,ø©¿Ø,10000,12000,73.0,27.0,2024-11-24 09:15
º≠√Ã,,ø©¿Ø,12000,14000,68.6,31.4,2024-11-24 09:40
º≠√Ã,,ø©¿Ø,12000,14000,69.5,30.5,2024-11-24 09:50
º≠√Ã,,ø©¿Ø,12000,14000,68.6,31.4,2024-11-24 10:00
º≠√Ã,,ø©¿Ø,12000,14000,68.0,32.0,2024-11-24 10:10
º≠√Ã,,ø©¿Ø,12000,14000,67.4,32.6,2024-11-24 10:20
º≠√Ã,,ø©¿Ø,12000,14000,66.6,33.4,2024-11-24 10:30
º≠√Ã,,ø©¿Ø,12000,14000,65.5,34.5,2024-11-24 10:40
º≠√Ã,,ø©¿Ø,12000,14000,63.9,36.1,2024-11-24 10:50
º≠√Ã,,ø©¿Ø,12000,14000,62.4,37.6,2024-11-24 11:00
º≠√Ã,,ø©¿Ø,12000,14000,60.9,39.1,2024-11-24 11:10
º≠√Ã,,ø©¿Ø,12000,14000,59.7,40.3,2024-11-24 11:20
º≠√Ã,,ø©¿Ø,12000,14000,58.9,41.1,2024-11-24 11:30
º≠√Ã,,ø©¿Ø,12000,14000,57.5,42.5,2024-11-24 11:40
º≠√Ã,,ø©¿Ø,12000,14000,55.8,44.2,2024-11-24 11:50
º≠√Ã,,ø©¿Ø,12000,14000,55.1,44.9,2024-11-24 12:00
º≠√Ã,,ø©¿Ø,14000,16000,54.6,45.4,2024-11-24 12:10
º≠√Ã,,ø©¿Ø,14000,16000,53.8,46.2,2024-11-24 12:20
º≠√Ã,,ø©¿Ø,14000,16000,51.6,48.4,2024-11-24 12:50
º≠√Ã,,ø©¿Ø,14000,16000,50.2,49.8,2024-11-24 13:00
º≠√Ã,,ø©¿Ø,14000,16000,50.0,50.0,2024-11-24 13:10
º≠√Ã,,ø©¿Ø,14000,16000,49.6,50.4,2024-11-24 13:20
º≠√Ã,,∫∏≈Î,14000,16000,48.6,51.4,2024-11-24 13:45
º≠√Ã,,∫∏≈Î,14000,16000,48.3,51.7,2024-11-24 13:55
º≠√Ã,,∫∏≈Î,14000,16000,48.1,51.9,2024-11-24 14:05
º≠√Ã,,∫∏≈Î,14000,16000,47.6,52.4,2024-11-24 14:15
º≠√Ã,,∫∏≈Î,14000,16000,47.4,52.6,2024-11-24 14:25
º≠√Ã,,∫∏≈Î,14000,16000,47.1,52.9,2024-11-24 14:35
º≠√Ã,,∫∏≈Î,14000,16000,47.3,52.7,2024-11-24 14:45
º≠√Ã,,∫∏≈Î,14000,16000,47.2,52.8,2024-11-24 14:55
º≠√Ã,,∫∏≈Î,14000,16000,48.1,51.9,2024-11-24 15:35
º≠√Ã,,ø©¿Ø,14000,16000,48.1,51.9,2024-11-24 15:45
º≠√Ã,,ø©¿Ø,14000,16000,48.9,51.1,2024-11-24 15:55
º≠√Ã,,ø©¿Ø,14000,16000,48.8,51.2,2024-11-24 16:05
º≠√Ã,,ø©¿Ø,14000,16000,49.3,50.7,2024-11-24 16:15
º≠√Ã,,ø©¿Ø,14000,16000,50.5,49.5,2024-11-24 16:25
º≠√Ã,,ø©¿Ø,14000,16000,50.8,49.2,2024-11-24 16:35
º≠√Ã,,ø©¿Ø,14000,16000,51.3,48.7,2024-11-24 16:45
º≠√Ã,,ø©¿Ø,14000,16000,52.6,47.4,2024-11-24 16:55
º≠√Ã,,ø©¿Ø,14000,16000,53.7,46.3,2024-11-24 17:05
º≠√Ã,,ø©¿Ø,14000,16000,54.0,46.0,2024-11-24 17:15
º≠√Ã,,ø©¿Ø,12000,14000,55.3,44.7,2024-11-24 17:25
º≠√Ã,,ø©¿Ø,12000,14000,56.2,43.8,2024-11-24 17:40
º≠√Ã,,ø©¿Ø,12000,14000,57.1,42.9,2024-11-24 17:50
º≠√Ã,,ø©¿Ø,12000,14000,57.4,42.6,2024-11-24 18:00
º≠√Ã,,ø©¿Ø,12000,14000,58.4,41.6,2024-11-24 18:10
º≠√Ã,,ø©¿Ø,12000,14000,59.5,40.5,2024-11-24 18:20
º≠√Ã,,ø©¿Ø,12000,14000,60.6,39.4,2024-11-24 18:30
º≠√Ã,,ø©¿Ø,12000,14000,61.9,38.1,2024-11-24 18:40
º≠√Ã,,ø©¿Ø,12000,14000,62.6,37.4,2024-11-24 18:50
º≠√Ã,,ø©¿Ø,12000,14000,63.1,36.9,2024-11-24 19:00
º≠√Ã,,ø©¿Ø,12000,14000,64.4,35.6,2024-11-24 19:10
º≠√Ã,,ø©¿Ø,12000,14000,65.1,34.9,2024-11-24 19:20
º≠√Ã,,ø©¿Ø,12000,14000,66.6,33.4,2024-11-24 19:30
º≠√Ã,,ø©¿Ø,12000,14000,67.6,32.4,2024-11-24 19:40
º≠√Ã,,ø©¿Ø,12000,14000,68.9,31.1,2024-11-24 19:50
º≠√Ã,,ø©¿Ø,10000,12000,69.9,30.1,2024-11-24 20:00
º≠√Ã,,ø©¿Ø,10000,12000,70.7,29.3,2024-11-24 20:10
º≠√Ã,,ø©¿Ø,10000,12000,72.4,27.6,2024-11-24 20:20
º≠√Ã,,ø©¿Ø,10000,12000,73.2,26.8,2024-11-24 20:30
º≠√Ã,,ø©¿Ø,10000,12000,74.1,25.9,2024-11-24 20:40
º≠√Ã,,ø©¿Ø,10000,12000,75.3,24.7,2024-11-24 20:50
º≠√Ã,,ø©¿Ø,10000,12000,76.3,23.7,2024-11-24 21:00
º≠√Ã,,ø©¿Ø,10000,12000,79.4,20.6,2024-11-24 21:25
º≠√Ã,,ø©¿Ø,10000,12000,79.7,20.3,2024-11-24 21:35
º≠√Ã,,ø©¿Ø,10000,12000,82.0,18.0,2024-11-24 21:55
º≠√Ã,,ø©¿Ø,10000,12000,83.1,16.9,2024-11-24 22:05
º≠√Ã,,ø©¿Ø,10000,12000,83.8,16.2,2024-11-24 22:15
º≠√Ã,,ø©¿Ø,10000,12000,84.2,15.8,2024-11-24 22:25
º≠√Ã,,ø©¿Ø,10000,12000,84.8,15.2,2024-11-24 22:35
º≠√Ã,,ø©¿Ø,10000,12000,85.6,14.4,2024-11-24 22:45
º≠√Ã,,ø©¿Ø,10000,12000,85.8,14.2,2024-11-24 22:55
º≠√Ã,,ø©¿Ø,10000,12000,86.9,13.1,2024-11-24 23:05
º≠√Ã,,ø©¿Ø,10000,12000,87.2,12.8,2024-11-24 23:15
º≠√Ã,,ø©¿Ø,10000,12000,87.5,12.5,2024-11-24 23:25
º≠√Ã,,ø©¿Ø,10000,12000,87.9,12.1,2024-11-24 23:35
º≠√Ã,,ø©¿Ø,10000,12000,87.9,12.1,2024-11-24 23:45
º≠√Ã,,ø©¿Ø,10000,12000,88.5,11.5,2024-11-24 23:55
º≠√Ã,,ø©¿Ø,10000,12000,89.2,10.8,2024-11-25 00:05
º≠√Ã,,ø©¿Ø,10000,12000,88.8,11.2,2024-11-25 00:15
º≠√Ã,,ø©¿Ø,10000,12000,90.0,10.0,2024-11-25 00:25
º≠√Ã,,ø©¿Ø,10000,12000,90.4,9.6,2024-11-25 00:35
º≠√Ã,,ø©¿Ø,10000,12000,90.4,9.6,2024-11-25 00:45
º≠√Ã,,ø©¿Ø,10000,12000,90.8,9.2,2024-11-25 00:55
º≠√Ã,,ø©¿Ø,10000,12000,91.0,9.0,2024-11-25 01:10
º≠√Ã,,ø©¿Ø,10000,12000,91.1,8.9,2024-11-25 01:20
º≠√Ã,,ø©¿Ø,10000,12000,91.2,8.8,2024-11-25 01:30
º≠√Ã,,ø©¿Ø,10000,12000,91.5,8.5,2024-11-25 01:40
º≠√Ã,,ø©¿Ø,10000,12000,91.5,8.5,2024-11-25 01:50
º≠√Ã,,ø©¿Ø,10000,12000,91.6,8.4,2024-11-25 02:00
º≠√Ã,,ø©¿Ø,10000,12000,91.6,8.4,2024-11-25 02:10
º≠√Ã,,ø©¿Ø,10000,12000,91.8,8.2,2024-11-25 02:20
º≠√Ã,,ø©¿Ø,10000,12000,91.5,8.5,2024-11-25 02:30
º≠√Ã,,ø©¿Ø,10000,12000,91.5,8.5,2024-11-25 02:40
º≠√Ã,,ø©¿Ø,10000,12000,91.5,8.5,2024-11-25 02:50
º≠√Ã,,ø©¿Ø,10000,12000,91.9,8.1,2024-11-25 03:00
º≠√Ã,,ø©¿Ø,10000,12000,91.5,8.5,2024-11-25 03:20
º≠√Ã,,ø©¿Ø,10000,12000,91.6,8.4,2024-11-25 03:30
º≠√Ã,,ø©¿Ø,10000,12000,91.4,8.6,2024-11-25 03:40
º≠√Ã,,ø©¿Ø,10000,12000,91.2,8.8,2024-11-25 03:50
º≠√Ã,,ø©¿Ø,10000,12000,91.2,8.8,2024-11-25 04:00
º≠√Ã,,ø©¿Ø,10000,12000,91.2,8.8,2024-11-25 04:10
º≠√Ã,,ø©¿Ø,10000,12000,91.4,8.6,2024-11-25 04:20
º≠√Ã,,ø©¿Ø,10000,12000,90.9,9.1,2024-11-25 04:45
º≠√Ã,,ø©¿Ø,10000,12000,90.8,9.2,2024-11-25 04:55
º≠√Ã,,ø©¿Ø,10000,12000,90.7,9.3,2024-11-25 05:05
º≠√Ã,,ø©¿Ø,10000,12000,90.5,9.5,2024-11-25 05:15
º≠√Ã,,ø©¿Ø,10000,12000,90.5,9.5,2024-11-25 05:25
º≠√Ã,,ø©¿Ø,10000,12000,90.0,10.0,2024-11-25 05:35
º≠√Ã,,ø©¿Ø,10000,12000,89.8,10.2,2024-11-25 05:45
º≠√Ã,,ø©¿Ø,10000,12000,89.4,10.6,2024-11-25 05:55
º≠√Ã,,ø©¿Ø,10000,12000,88.7,11.3,2024-11-25 06:05
º≠√Ã,,ø©¿Ø,10000,12000,88.0,12.0,2024-11-25 06:15
º≠√Ã,,ø©¿Ø,10000,12000,86.5,13.5,2024-11-25 06:35
º≠√Ã,,ø©¿Ø,10000,12000,85.5,14.5,2024-11-25 06:45
º≠√Ã,,ø©¿Ø,10000,12000,84.7,15.3,2024-11-25 06:55
º≠√Ã,,ø©¿Ø,10000,12000,83.3,16.7,2024-11-25 07:05
º≠√Ã,,ø©¿Ø,10000,12000,81.8,18.2,2024-11-25 07:15
º≠√Ã,,ø©¿Ø,10000,12000,79.4,20.6,2024-11-25 07:25
º≠√Ã,,ø©¿Ø,10000,12000,77.6,22.4,2024-11-25 07:35
º≠√Ã,,ø©¿Ø,10000,12000,74.9,25.1,2024-11-25 07:45
º≠√Ã,,ø©¿Ø,10000,12000,72.5,27.5,2024-11-25 07:55
º≠√Ã,,ø©¿Ø,10000,12000,71.4,28.6,2024-11-25 08:05
º≠√Ã,,ø©¿Ø,12000,14000,68.1,31.9,2024-11-25 08:20
º≠√Ã,,ø©¿Ø,12000,14000,67.1,32.9,2024-11-25 08:30
º≠√Ã,,ø©¿Ø,12000,14000,66.9,33.1,2024-11-25 08:40
º≠√Ã,,ø©¿Ø,12000,14000,66.7,33.3,2024-11-25 08:50
º≠√Ã,,ø©¿Ø,12000,14000,65.7,34.3,2024-11-25 09:00
º≠√Ã,,ø©¿Ø,12000,14000,65.2,34.8,2024-11-25 09:20
º≠√Ã,,ø©¿Ø,12000,14000,64.6,35.4,2024-11-25 09:30
º≠√Ã,,ø©¿Ø,12000,14000,64.0,36.0,2024-11-25 09:50
º≠√Ã,,ø©¿Ø,14000,16000,63.6,36.4,2024-11-25 10:00
º≠√Ã,,ø©¿Ø,14000,16000,63.4,36.6,2024-11-25 10:10
º≠√Ã,,ø©¿Ø,14000,16000,62.7,37.3,2024-11-25 10:20
º≠√Ã,,ø©¿Ø,14000,16000,63.2,36.8,2024-11-25 10:30
º≠√Ã,,ø©¿Ø,14000,16000,62.0,38.0,2024-11-25 10:50
º≠√Ã,,ø©¿Ø,14000,16000,61.9,38.1,2024-11-25 11:00
º≠√Ã,,ø©¿Ø,14000,16000,60.9,39.1,2024-11-25 11:10
º≠√Ã,,ø©¿Ø,14000,16000,60.9,39.1,2024-11-25 11:20
º≠√Ã,,ø©¿Ø,14000,16000,59.6,40.4,2024-11-25 11:30
º≠√Ã,,∫∏≈Î,14000,16000,58.9,41.1,2024-11-25 11:40
º≠√Ã,,∫∏≈Î,14000,16000,58.1,41.9,2024-11-25 11:55
º≠√Ã,,∫∏≈Î,16000,18000,57.0,43.0,2024-11-25 12:05
º≠√Ã,,∫∏≈Î,16000,18000,57.0,43.0,2024-11-25 12:15
º≠√Ã,,∫∏≈Î,16000,18000,56.6,43.4,2024-11-25 12:35
º≠√Ã,,∫∏≈Î,16000,18000,56.7,43.3,2024-11-25 12:45
º≠√Ã,,∫∏≈Î,16000,18000,56.9,43.1,2024-11-25 12:55
º≠√Ã,,∫∏≈Î,14000,16000,56.9,43.1,2024-11-25 13:05
º≠√Ã,,∫∏≈Î,14000,16000,56.8,43.2,2024-11-25 13:15
º≠√Ã,,∫∏≈Î,14000,16000,56.7,43.3,2024-11-25 13:25
º≠√Ã,,∫∏≈Î,14000,16000,57.2,42.8,2024-11-25 13:35
